Date,Open,High,Low,Close,Volume
2021. 1. 19 오후 4:00:00,127.78,128.71,126.94,127.83,90757329
2021. 1. 20 오후 4:00:00,128.66,132.49,128.55,132.03,104319489
2021. 1. 21 오후 4:00:00,133.8,139.67,133.59,136.87,120529544
2021. 1. 22 오후 4:00:00,136.28,139.85,135.02,139.07,114459360
2021. 1. 25 오후 4:00:00,143.07,145.09,136.54,142.92,157611713
2021. 1. 26 오후 4:00:00,143.6,144.3,141.37,143.16,98390555
2021. 1. 27 오후 4:00:00,143.43,144.3,140.41,142.06,140843759
2021. 1. 28 오후 4:00:00,139.52,141.99,136.7,137.09,142621128
2021. 1. 29 오후 4:00:00,135.83,136.74,130.21,131.96,177523812
2021. 2. 1 오후 4:00:00,133.75,135.38,130.93,134.14,106239823
2021. 2. 2 오후 4:00:00,135.73,136.31,134.61,134.99,83305367
2021. 2. 3 오후 4:00:00,135.76,135.77,133.61,133.94,89880937
2021. 2. 4 오후 4:00:00,136.3,137.4,134.59,137.39,84183061
2021. 2. 5 오후 4:00:00,137.35,137.42,135.86,136.76,75693830
2021. 2. 8 오후 4:00:00,136.03,136.96,134.92,136.91,71297214
2021. 2. 9 오후 4:00:00,136.62,137.88,135.85,136.01,76774213
2021. 2. 10 오후 4:00:00,136.48,136.99,134.4,135.39,73046563
2021. 2. 11 오후 4:00:00,135.9,136.39,133.77,135.13,64280029
2021. 2. 12 오후 4:00:00,134.35,135.53,133.69,135.37,60145130
2021. 2. 16 오후 4:00:00,135.49,136.01,132.79,133.19,80576316
2021. 2. 17 오후 4:00:00,131.25,132.22,129.47,130.84,98085249
2021. 2. 18 오후 4:00:00,129.2,130,127.41,129.71,96856748
2021. 2. 19 오후 4:00:00,130.24,130.71,128.8,129.87,87668834
2021. 2. 22 오후 4:00:00,128.01,129.72,125.6,126,103916419
2021. 2. 23 오후 4:00:00,123.76,126.71,118.39,125.86,158273022
2021. 2. 24 오후 4:00:00,124.94,125.56,122.23,125.35,111039904
2021. 2. 25 오후 4:00:00,124.68,126.46,120.54,120.99,148199540
2021. 2. 26 오후 4:00:00,122.59,124.85,121.2,121.26,164560394
2021. 3. 1 오후 4:00:00,123.75,127.93,122.79,127.79,116307892
2021. 3. 2 오후 4:00:00,128.41,128.72,125.01,125.12,102260945
2021. 3. 3 오후 4:00:00,124.81,125.71,121.84,122.06,112966340
2021. 3. 4 오후 4:00:00,121.75,123.6,118.62,120.13,178154975
2021. 3. 5 오후 4:00:00,120.98,121.94,117.57,121.42,153766601
2021. 3. 8 오후 4:00:00,120.93,121,116.21,116.36,154376610
2021. 3. 9 오후 4:00:00,119.03,122.06,118.79,121.09,129525780
2021. 3. 10 오후 4:00:00,121.69,122.17,119.45,119.98,111943326
2021. 3. 11 오후 4:00:00,122.54,123.21,121.26,121.96,103026514
2021. 3. 12 오후 4:00:00,120.4,121.17,119.16,121.03,88105050
2021. 3. 15 오후 4:00:00,121.41,124,120.42,123.99,92590555
2021. 3. 16 오후 4:00:00,125.7,127.22,124.72,125.57,115227936
2021. 3. 17 오후 4:00:00,124.05,125.86,122.34,124.76,111932636
2021. 3. 18 오후 4:00:00,122.88,123.18,120.32,120.53,121469755
2021. 3. 19 오후 4:00:00,119.9,121.43,119.68,119.99,185549522
2021. 3. 22 오후 4:00:00,120.33,123.87,120.26,123.39,111912284
2021. 3. 23 오후 4:00:00,123.33,124.24,122.14,122.54,95467142
2021. 3. 24 오후 4:00:00,122.82,122.9,120.07,120.09,88530485
2021. 3. 25 오후 4:00:00,119.54,121.66,119,120.59,98844681
2021. 3. 26 오후 4:00:00,120.35,121.48,118.92,121.21,94071234
2021. 3. 29 오후 4:00:00,121.65,122.58,120.73,121.39,80819203
2021. 3. 30 오후 4:00:00,120.11,120.4,118.86,119.9,85671919
2021. 3. 31 오후 4:00:00,121.65,123.52,121.15,122.15,118323826
2021. 4. 1 오후 4:00:00,123.66,124.18,122.49,123,75089134
2021. 4. 5 오후 4:00:00,123.87,126.16,123.07,125.9,88651175
2021. 4. 6 오후 4:00:00,126.5,127.13,125.65,126.21,80171253
2021. 4. 7 오후 4:00:00,125.83,127.92,125.14,127.9,83466716
2021. 4. 8 오후 4:00:00,128.95,130.39,128.52,130.36,88844591
2021. 4. 9 오후 4:00:00,129.8,133.04,129.47,133,106686703
2021. 4. 12 오후 4:00:00,132.52,132.85,130.63,131.24,91419983
2021. 4. 13 오후 4:00:00,132.44,134.66,131.93,134.43,91266545
2021. 4. 14 오후 4:00:00,134.94,135,131.66,132.03,87222782
2021. 4. 15 오후 4:00:00,133.82,135,133.64,134.5,89347102
2021. 4. 16 오후 4:00:00,134.3,134.67,133.28,134.16,84922386
2021. 4. 19 오후 4:00:00,133.51,135.47,133.34,134.84,94264215
2021. 4. 20 오후 4:00:00,135.02,135.53,131.81,133.11,94812349
2021. 4. 21 오후 4:00:00,132.36,133.75,131.3,133.5,68847136
2021. 4. 22 오후 4:00:00,133.04,134.15,131.41,131.94,84566456
2021. 4. 23 오후 4:00:00,132.16,135.12,132.16,134.32,78756779
2021. 4. 26 오후 4:00:00,134.83,135.06,133.56,134.72,66905069
2021. 4. 27 오후 4:00:00,135.01,135.41,134.11,134.39,66015804
2021. 4. 28 오후 4:00:00,134.31,135.02,133.08,133.58,107760097
2021. 4. 29 오후 4:00:00,136.47,137.07,132.45,133.48,151100953
2021. 4. 30 오후 4:00:00,131.78,133.56,131.07,131.46,109839466
2021. 5. 3 오후 4:00:00,132.04,134.07,131.83,132.54,75135100
2021. 5. 4 오후 4:00:00,131.19,131.49,126.7,127.85,137564718
2021. 5. 5 오후 4:00:00,129.2,130.45,127.97,128.1,84000900
2021. 5. 6 오후 4:00:00,127.89,129.75,127.13,129.74,78128334
2021. 5. 7 오후 4:00:00,130.85,131.26,129.48,130.21,78973273
2021. 5. 10 오후 4:00:00,129.41,129.54,126.81,126.85,88071229
2021. 5. 11 오후 4:00:00,123.5,126.27,122.77,125.91,126142826
2021. 5. 12 오후 4:00:00,123.4,124.64,122.25,122.77,112172282
2021. 5. 13 오후 4:00:00,124.58,126.15,124.26,124.97,105861339
2021. 5. 14 오후 4:00:00,126.25,127.89,125.85,127.45,81917951
2021. 5. 17 오후 4:00:00,126.82,126.93,125.17,126.27,74244624
2021. 5. 18 오후 4:00:00,126.56,126.99,124.78,124.85,63342929
2021. 5. 19 오후 4:00:00,123.16,124.92,122.86,124.69,92611989
2021. 5. 20 오후 4:00:00,125.23,127.72,125.1,127.31,76857123
2021. 5. 21 오후 4:00:00,127.82,128,125.21,125.43,79295436
2021. 5. 24 오후 4:00:00,126.01,127.94,125.94,127.1,63092945
2021. 5. 25 오후 4:00:00,127.82,128.32,126.32,126.9,72009482
2021. 5. 26 오후 4:00:00,126.96,127.39,126.42,126.85,56575920
2021. 5. 27 오후 4:00:00,126.44,127.64,125.08,125.28,94625601
2021. 5. 28 오후 4:00:00,125.57,125.8,124.55,124.61,71311109
2021. 6. 1 오후 4:00:00,125.08,125.35,123.94,124.28,67637118
2021. 6. 2 오후 4:00:00,124.28,125.24,124.05,125.06,59278862
2021. 6. 3 오후 4:00:00,124.68,124.85,123.13,123.54,76229170
2021. 6. 4 오후 4:00:00,124.07,126.16,123.85,125.89,75169343
2021. 6. 7 오후 4:00:00,126.17,126.32,124.83,125.9,71057550
2021. 6. 8 오후 4:00:00,126.6,128.46,126.21,126.74,74403774
2021. 6. 9 오후 4:00:00,127.21,127.75,126.52,127.13,56877937
2021. 6. 10 오후 4:00:00,127.02,128.19,125.94,126.11,71186421
2021. 6. 11 오후 4:00:00,126.53,127.44,126.1,127.35,53522373
2021. 6. 14 오후 4:00:00,127.82,130.54,127.07,130.48,96906490
2021. 6. 15 오후 4:00:00,129.94,130.6,129.39,129.64,62746332
2021. 6. 16 오후 4:00:00,130.37,130.89,128.46,130.15,91815026
2021. 6. 17 오후 4:00:00,129.8,132.55,129.65,131.79,96721669
2021. 6. 18 오후 4:00:00,130.71,131.51,130.24,130.46,108953309
2021. 6. 21 오후 4:00:00,130.3,132.41,129.21,132.3,79663316
2021. 6. 22 오후 4:00:00,132.13,134.08,131.62,133.98,74783618
2021. 6. 23 오후 4:00:00,133.77,134.32,133.23,133.7,60214200
2021. 6. 24 오후 4:00:00,134.45,134.64,132.93,133.41,68710998
2021. 6. 25 오후 4:00:00,133.46,133.89,132.81,133.11,70783746
2021. 6. 28 오후 4:00:00,133.41,135.25,133.35,134.78,62111303
2021. 6. 29 오후 4:00:00,134.8,136.49,134.35,136.33,64556081
2021. 6. 30 오후 4:00:00,136.17,137.41,135.87,136.96,63261393
2021. 7. 1 오후 4:00:00,136.6,137.33,135.76,137.27,52485781
2021. 7. 2 오후 4:00:00,137.9,140,137.75,139.96,78945572
2021. 7. 6 오후 4:00:00,140.07,143.15,140.07,142.02,108181793
2021. 7. 7 오후 4:00:00,143.54,144.89,142.66,144.57,104911589
2021. 7. 8 오후 4:00:00,141.58,144.06,140.67,143.24,105575458
2021. 7. 9 오후 4:00:00,142.75,145.65,142.65,145.11,99890800
2021. 7. 12 오후 4:00:00,146.21,146.32,144,144.5,76299719
2021. 7. 13 오후 4:00:00,144.03,147.46,143.63,145.64,100827099
2021. 7. 14 오후 4:00:00,148.1,149.57,147.68,149.15,127050785
2021. 7. 15 오후 4:00:00,149.24,150,147.09,148.48,106820297
2021. 7. 16 오후 4:00:00,148.46,149.76,145.88,146.39,93251426
2021. 7. 19 오후 4:00:00,143.75,144.07,141.67,142.45,121434571
2021. 7. 20 오후 4:00:00,143.46,147.1,142.96,146.15,96350036
2021. 7. 21 오후 4:00:00,145.53,146.13,144.63,145.4,74993460
2021. 7. 22 오후 4:00:00,145.94,148.2,145.81,146.8,77338156
2021. 7. 23 오후 4:00:00,147.55,148.72,146.92,148.56,71447416
2021. 7. 26 오후 4:00:00,148.27,149.83,147.7,148.99,72434089
2021. 7. 27 오후 4:00:00,149.12,149.21,145.55,146.77,104818578
2021. 7. 28 오후 4:00:00,144.81,146.97,142.54,144.98,118931191
2021. 7. 29 오후 4:00:00,144.69,146.55,144.58,145.64,56699475
2021. 7. 30 오후 4:00:00,144.38,146.33,144.11,145.86,70440626
2021. 8. 2 오후 4:00:00,146.36,146.95,145.25,145.52,62879961
2021. 8. 3 오후 4:00:00,145.81,148.04,145.18,147.36,64786618
2021. 8. 4 오후 4:00:00,147.27,147.79,146.28,146.95,56368271
2021. 8. 5 오후 4:00:00,146.98,147.84,146.17,147.06,46397674
2021. 8. 6 오후 4:00:00,146.35,147.11,145.63,146.14,54126813
2021. 8. 9 오후 4:00:00,146.2,146.7,145.52,146.09,48908689
2021. 8. 10 오후 4:00:00,146.44,147.71,145.3,145.6,69023081
2021. 8. 11 오후 4:00:00,146.05,146.72,145.53,145.86,48493463
2021. 8. 12 오후 4:00:00,146.19,149.05,145.84,148.89,73779113
2021. 8. 13 오후 4:00:00,148.97,149.44,148.27,149.1,59375009
2021. 8. 16 오후 4:00:00,148.54,151.19,146.47,151.12,103558782
2021. 8. 17 오후 4:00:00,150.23,151.68,149.09,150.19,92229735
2021. 8. 18 오후 4:00:00,149.8,150.72,146.15,146.36,86325990
2021. 8. 19 오후 4:00:00,145.03,148,144.5,146.7,86960310
2021. 8. 20 오후 4:00:00,147.44,148.5,146.78,148.19,60549630
2021. 8. 23 오후 4:00:00,148.31,150.19,147.89,149.71,60131810
2021. 8. 24 오후 4:00:00,149.45,150.86,149.15,149.62,48606428
2021. 8. 25 오후 4:00:00,149.81,150.32,147.8,148.36,58991297
2021. 8. 26 오후 4:00:00,148.35,149.12,147.51,147.54,48597195
2021. 8. 27 오후 4:00:00,147.48,148.75,146.83,148.6,55802388
2021. 8. 30 오후 4:00:00,149,153.49,148.61,153.12,90956723
2021. 8. 31 오후 4:00:00,152.66,152.8,151.29,151.83,86453117
2021. 9. 1 오후 4:00:00,152.83,154.98,152.34,152.51,80313711
2021. 9. 2 오후 4:00:00,153.87,154.72,152.4,153.65,71171317
2021. 9. 3 오후 4:00:00,153.76,154.63,153.09,154.3,57866066
2021. 9. 7 오후 4:00:00,154.97,157.26,154.39,156.69,82278261
2021. 9. 8 오후 4:00:00,156.98,157.04,153.98,155.11,74420207
2021. 9. 9 오후 4:00:00,155.49,156.11,153.95,154.07,57305730
2021. 9. 10 오후 4:00:00,155,155.48,148.7,148.97,140893235
2021. 9. 13 오후 4:00:00,150.63,151.42,148.75,149.55,102404329
2021. 9. 14 오후 4:00:00,150.35,151.07,146.91,148.12,109296295
2021. 9. 15 오후 4:00:00,148.56,149.44,146.37,149.03,83281315
2021. 9. 16 오후 4:00:00,148.44,148.97,147.22,148.79,68034149
2021. 9. 17 오후 4:00:00,148.82,148.82,145.76,146.06,129868824
2021. 9. 20 오후 4:00:00,143.8,144.84,141.27,142.94,123478863
2021. 9. 21 오후 4:00:00,143.93,144.6,142.78,143.43,75833962
2021. 9. 22 오후 4:00:00,144.45,146.43,143.7,145.85,76404341
2021. 9. 23 오후 4:00:00,146.65,147.08,145.64,146.83,64838170
2021. 9. 24 오후 4:00:00,145.66,147.47,145.56,146.92,53477869
2021. 9. 27 오후 4:00:00,145.47,145.96,143.82,145.37,74150729
2021. 9. 28 오후 4:00:00,143.25,144.75,141.69,141.91,108972340
2021. 9. 29 오후 4:00:00,142.47,144.45,142.03,142.83,74602044
2021. 9. 30 오후 4:00:00,143.66,144.38,141.28,141.5,89056664
2021. 10. 1 오후 4:00:00,141.9,142.92,139.11,142.65,94639581
2021. 10. 4 오후 4:00:00,141.76,142.21,138.27,139.14,98322008
2021. 10. 5 오후 4:00:00,139.49,142.24,139.36,141.11,80861062
2021. 10. 6 오후 4:00:00,139.47,142.15,138.37,142,83221119
2021. 10. 7 오후 4:00:00,143.06,144.22,142.72,143.29,61732656
2021. 10. 8 오후 4:00:00,144.03,144.18,142.56,142.9,58773155
2021. 10. 11 오후 4:00:00,142.27,144.81,141.81,142.81,64452219
2021. 10. 12 오후 4:00:00,143.23,143.25,141.04,141.51,73035859
2021. 10. 13 오후 4:00:00,141.24,141.4,139.2,140.91,78762721
2021. 10. 14 오후 4:00:00,142.11,143.88,141.51,143.76,69907100
2021. 10. 15 오후 4:00:00,143.77,144.9,143.51,144.84,67940334
2021. 10. 18 오후 4:00:00,143.45,146.84,143.16,146.55,85589175
2021. 10. 19 오후 4:00:00,147.01,149.17,146.55,148.76,76378894
2021. 10. 20 오후 4:00:00,148.7,149.75,148.12,149.26,58418788
2021. 10. 21 오후 4:00:00,148.81,149.64,147.87,149.48,61420990
2021. 10. 22 오후 4:00:00,149.69,150.18,148.64,148.69,58883443
2021. 10. 25 오후 4:00:00,148.68,149.37,147.62,148.64,50720556
2021. 10. 26 오후 4:00:00,149.33,150.84,149.01,149.32,60893395
2021. 10. 27 오후 4:00:00,149.36,149.73,148.49,148.85,56094929
2021. 10. 28 오후 4:00:00,149.82,153.17,149.72,152.57,100077888
2021. 10. 29 오후 4:00:00,147.22,149.94,146.41,149.8,124953168
2021. 11. 1 오후 4:00:00,148.99,149.7,147.8,148.96,74588258
2021. 11. 2 오후 4:00:00,148.66,151.57,148.65,150.02,69121987
2021. 11. 3 오후 4:00:00,150.39,151.97,149.82,151.49,54511534
2021. 11. 4 오후 4:00:00,151.58,152.43,150.64,150.96,60394616
2021. 11. 5 오후 4:00:00,151.89,152.2,150.06,151.28,65463883
2021. 11. 8 오후 4:00:00,151.41,151.57,150.16,150.44,55020868
2021. 11. 9 오후 4:00:00,150.2,151.43,150.06,150.81,56787930
2021. 11. 10 오후 4:00:00,150.02,150.13,147.85,147.92,65187092
2021. 11. 11 오후 4:00:00,148.96,149.43,147.68,147.87,40999950
2021. 11. 12 오후 4:00:00,148.43,150.4,147.48,149.99,63804008
2021. 11. 15 오후 4:00:00,150.37,151.88,149.43,150,59222803
2021. 11. 16 오후 4:00:00,149.94,151.49,149.34,151,59256210
2021. 11. 17 오후 4:00:00,151,155,150.99,153.49,88807000
2021. 11. 18 오후 4:00:00,153.71,158.67,153.05,157.87,137827673
2021. 11. 19 오후 4:00:00,157.65,161.02,156.53,160.55,117305597
2021. 11. 22 오후 4:00:00,161.68,165.7,161,161.02,117467889
2021. 11. 23 오후 4:00:00,161.12,161.8,159.06,161.41,96041899
2021. 11. 24 오후 4:00:00,160.75,162.14,159.64,161.94,69463623
2021. 11. 26 오후 1:00:00,159.57,160.45,156.36,156.81,76959752
2021. 11. 29 오후 4:00:00,159.37,161.19,158.79,160.24,88748217
2021. 11. 30 오후 4:00:00,159.99,165.52,159.92,165.3,174048056
2021. 12. 1 오후 4:00:00,167.48,170.3,164.53,164.77,152423003
2021. 12. 2 오후 4:00:00,158.74,164.2,157.8,163.76,136739174
2021. 12. 3 오후 4:00:00,164.02,164.96,159.72,161.84,118023116
2021. 12. 6 오후 4:00:00,164.29,167.88,164.28,165.32,107496982
2021. 12. 7 오후 4:00:00,169.08,171.58,168.34,171.18,120405352
2021. 12. 8 오후 4:00:00,172.13,175.96,170.7,175.08,116998901
2021. 12. 9 오후 4:00:00,174.91,176.75,173.92,174.56,108923739
2021. 12. 10 오후 4:00:00,175.21,179.63,174.69,179.45,115402731
2021. 12. 13 오후 4:00:00,181.12,182.13,175.53,175.74,153237019
2021. 12. 14 오후 4:00:00,175.25,177.74,172.21,174.33,139380382
2021. 12. 15 오후 4:00:00,175.11,179.5,172.31,179.3,131063257
2021. 12. 16 오후 4:00:00,179.28,181.14,170.75,172.26,150185843
2021. 12. 17 오후 4:00:00,169.93,173.47,169.69,171.14,195923441
2021. 12. 20 오후 4:00:00,168.28,170.58,167.46,169.75,107499114
2021. 12. 21 오후 4:00:00,171.56,173.2,169.12,172.99,91185905
2021. 12. 22 오후 4:00:00,173.04,175.86,172.15,175.64,92135303
2021. 12. 23 오후 4:00:00,175.85,176.85,175.27,176.28,68356567
2021. 12. 27 오후 4:00:00,177.09,180.42,177.07,180.33,74919582
2021. 12. 28 오후 4:00:00,180.16,181.33,178.53,179.29,79144339
2021. 12. 29 오후 4:00:00,179.33,180.63,178.14,179.38,62348931
2021. 12. 30 오후 4:00:00,179.47,180.57,178.09,178.2,59773014
2021. 12. 31 오후 4:00:00,178.09,179.23,177.26,177.57,64062261
2022. 1. 3 오후 4:00:00,177.83,182.88,177.71,182.01,104701220
2022. 1. 4 오후 4:00:00,182.63,182.94,179.12,179.7,99310438
2022. 1. 5 오후 4:00:00,179.61,180.17,174.64,174.92,94537602
2022. 1. 6 오후 4:00:00,172.7,175.3,171.64,172,96903955
2022. 1. 7 오후 4:00:00,172.89,174.14,171.03,172.17,86709147
2022. 1. 10 오후 4:00:00,169.08,172.5,168.17,172.19,106765552
2022. 1. 11 오후 4:00:00,172.32,175.18,170.82,175.08,76138312
2022. 1. 12 오후 4:00:00,176.12,177.18,174.82,175.53,74805173
2022. 1. 13 오후 4:00:00,175.78,176.62,171.79,172.19,84505760
2022. 1. 14 오후 4:00:00,171.34,173.78,171.09,173.07,80440780
2022. 1. 18 오후 4:00:00,171.51,172.54,169.41,169.8,91168729
2022. 1. 19 오후 4:00:00,170,171.08,165.94,166.23,94814990
2022. 1. 20 오후 4:00:00,166.98,169.68,164.18,164.51,91420515
2022. 1. 21 오후 4:00:00,164.42,166.33,162.3,162.41,122848858
2022. 1. 24 오후 4:00:00,160.02,162.3,154.7,161.62,162706686
2022. 1. 25 오후 4:00:00,158.98,162.76,157.02,159.78,115798367
2022. 1. 26 오후 4:00:00,163.5,164.39,157.82,159.69,108275308
2022. 1. 27 오후 4:00:00,162.45,163.84,158.28,159.22,121954638
2022. 1. 28 오후 4:00:00,165.71,170.35,162.8,170.33,179935660
2022. 1. 31 오후 4:00:00,170.16,175,169.51,174.78,115541590
2022. 2. 1 오후 4:00:00,174.01,174.84,172.31,174.61,86213911
2022. 2. 2 오후 4:00:00,174.75,175.88,173.33,175.84,84914256
2022. 2. 3 오후 4:00:00,174.48,176.24,172.12,172.9,89418074
2022. 2. 4 오후 4:00:00,171.68,174.1,170.68,172.39,82465400
2022. 2. 7 오후 4:00:00,172.86,173.95,170.95,171.66,77251204
2022. 2. 8 오후 4:00:00,171.73,175.35,171.43,174.83,74829217
2022. 2. 9 오후 4:00:00,176.05,176.65,174.9,176.28,71285038
2022. 2. 10 오후 4:00:00,174.14,175.48,171.55,172.12,90865899
2022. 2. 11 오후 4:00:00,172.33,173.08,168.04,168.64,98670687
2022. 2. 14 오후 4:00:00,167.37,169.58,166.56,168.88,86185530
2022. 2. 15 오후 4:00:00,170.97,172.95,170.25,172.79,64286320
2022. 2. 16 오후 4:00:00,171.85,173.34,170.05,172.55,61177398
2022. 2. 17 오후 4:00:00,171.03,171.91,168.47,168.88,69589344
2022. 2. 18 오후 4:00:00,169.82,170.54,166.19,167.3,82772674
2022. 2. 22 오후 4:00:00,164.98,166.69,162.15,164.32,91162758
2022. 2. 23 오후 4:00:00,165.54,166.15,159.75,160.07,90009247
2022. 2. 24 오후 4:00:00,152.58,162.85,152,162.74,141147540
2022. 2. 25 오후 4:00:00,163.84,165.12,160.87,164.85,91974222
2022. 2. 28 오후 4:00:00,163.06,165.42,162.43,165.12,95056629
2022. 3. 1 오후 4:00:00,164.7,166.6,161.97,163.2,83474425
2022. 3. 2 오후 4:00:00,164.39,167.36,162.95,166.56,79724750
2022. 3. 3 오후 4:00:00,168.47,168.91,165.55,166.23,76678441
2022. 3. 4 오후 4:00:00,164.49,165.55,162.1,163.17,83819592
2022. 3. 7 오후 4:00:00,163.36,165.02,159.04,159.3,96418845
2022. 3. 8 오후 4:00:00,158.82,162.88,155.8,157.44,131148280
2022. 3. 9 오후 4:00:00,161.48,163.41,159.41,162.95,91454905
2022. 3. 10 오후 4:00:00,160.2,160.39,155.98,158.52,105342033
2022. 3. 11 오후 4:00:00,158.93,159.28,154.5,154.73,96970102
2022. 3. 14 오후 4:00:00,151.45,154.12,150.1,150.62,108732111
2022. 3. 15 오후 4:00:00,150.9,155.57,150.38,155.09,92964302
2022. 3. 16 오후 4:00:00,157.05,160,154.46,159.59,102300157
2022. 3. 17 오후 4:00:00,158.61,161,157.63,160.62,75615376
2022. 3. 18 오후 4:00:00,160.51,164.48,159.76,163.98,123511692
2022. 3. 21 오후 4:00:00,163.51,166.35,163.01,165.38,95811352
2022. 3. 22 오후 4:00:00,165.51,169.42,164.91,168.82,81532007
2022. 3. 23 오후 4:00:00,167.99,172.64,167.65,170.21,98062674
2022. 3. 24 오후 4:00:00,171.06,174.14,170.21,174.07,90131418
2022. 3. 25 오후 4:00:00,173.88,175.28,172.75,174.72,80546156
2022. 3. 28 오후 4:00:00,172.17,175.73,172,175.6,90371916
2022. 3. 29 오후 4:00:00,176.69,179.01,176.34,178.96,100589440
2022. 3. 30 오후 4:00:00,178.55,179.61,176.7,177.77,92633154
2022. 3. 31 오후 4:00:00,177.84,178.03,174.4,174.61,103049285
2022. 4. 1 오후 4:00:00,174.03,174.88,171.94,174.31,78751328
2022. 4. 4 오후 4:00:00,174.57,178.49,174.44,178.44,76545983
2022. 4. 5 오후 4:00:00,177.5,178.3,174.42,175.06,73401786
2022. 4. 6 오후 4:00:00,172.36,173.63,170.13,171.83,89058782
2022. 4. 7 오후 4:00:00,171.16,173.36,169.85,172.14,77594650
2022. 4. 8 오후 4:00:00,171.78,171.78,169.2,170.09,76575508
2022. 4. 11 오후 4:00:00,168.71,169.03,165.5,165.75,72246706
2022. 4. 12 오후 4:00:00,168.02,169.87,166.64,167.66,79265181
2022. 4. 13 오후 4:00:00,167.39,171.04,166.77,170.4,70618925
2022. 4. 14 오후 4:00:00,170.62,171.27,165.04,165.29,75329376
2022. 4. 18 오후 4:00:00,163.92,166.6,163.57,165.07,69023941
2022. 4. 19 오후 4:00:00,165.02,167.82,163.91,167.4,67723833
2022. 4. 20 오후 4:00:00,168.76,168.88,166.1,167.23,67929814
2022. 4. 21 오후 4:00:00,168.91,171.53,165.91,166.42,87227768
2022. 4. 22 오후 4:00:00,166.46,167.87,161.5,161.79,84882424
2022. 4. 25 오후 4:00:00,161.12,163.17,158.46,162.88,96046376
2022. 4. 26 오후 4:00:00,162.25,162.34,156.72,156.8,95623240
2022. 4. 27 오후 4:00:00,155.91,159.79,155.38,156.57,88063191
2022. 4. 28 오후 4:00:00,159.25,164.52,158.93,163.64,130216792
2022. 4. 29 오후 4:00:00,161.84,166.2,157.25,157.65,131747571
2022. 5. 2 오후 4:00:00,156.71,158.23,153.27,157.96,123055265
2022. 5. 3 오후 4:00:00,158.15,160.71,156.32,159.48,88966526
2022. 5. 4 오후 4:00:00,159.67,166.48,159.26,166.02,108256503
2022. 5. 5 오후 4:00:00,163.85,164.08,154.95,156.77,130525275
2022. 5. 6 오후 4:00:00,156.01,159.44,154.18,157.28,116124647
2022. 5. 9 오후 4:00:00,154.93,155.83,151.49,152.06,131577921
2022. 5. 10 오후 4:00:00,155.52,156.74,152.93,154.51,115366736
2022. 5. 11 오후 4:00:00,153.5,155.45,145.81,146.5,142689825
2022. 5. 12 오후 4:00:00,142.77,146.2,138.8,142.56,182602041
2022. 5. 13 오후 4:00:00,144.59,148.1,143.11,147.11,113990852
2022. 5. 16 오후 4:00:00,145.55,147.52,144.18,145.54,86643781
2022. 5. 17 오후 4:00:00,148.86,149.77,146.68,149.24,78336254
2022. 5. 18 오후 4:00:00,146.85,147.36,139.9,140.82,109742890
2022. 5. 19 오후 4:00:00,139.88,141.66,136.6,137.35,136095640
2022. 5. 20 오후 4:00:00,139.09,140.7,132.61,137.59,137426125
2022. 5. 23 오후 4:00:00,137.79,143.26,137.65,143.11,117726265
2022. 5. 24 오후 4:00:00,140.81,141.97,137.33,140.36,104132746
2022. 5. 25 오후 4:00:00,138.43,141.79,138.34,140.52,92482696
2022. 5. 26 오후 4:00:00,137.39,144.34,137.14,143.78,90601548
2022. 5. 27 오후 4:00:00,145.39,149.68,145.26,149.64,90978503
2022. 5. 31 오후 4:00:00,149.07,150.66,146.84,148.84,103718416
2022. 6. 1 오후 4:00:00,149.9,151.74,147.68,148.71,74286635
2022. 6. 2 오후 4:00:00,147.83,151.27,146.86,151.21,72348055
2022. 6. 3 오후 4:00:00,146.9,147.97,144.46,145.38,88570289
2022. 6. 6 오후 4:00:00,147.03,148.57,144.9,146.14,71598380
2022. 6. 7 오후 4:00:00,144.35,149,144.1,148.71,67808150
2022. 6. 8 오후 4:00:00,148.58,149.87,147.46,147.96,53950201
2022. 6. 9 오후 4:00:00,147.08,147.95,142.53,142.64,69472976
2022. 6. 10 오후 4:00:00,140.28,140.76,137.06,137.13,91566637
2022. 6. 13 오후 4:00:00,132.87,135.2,131.44,131.88,122207099
2022. 6. 14 오후 4:00:00,133.13,133.89,131.48,132.76,84784326
2022. 6. 15 오후 4:00:00,134.29,137.34,132.16,135.43,91532972
2022. 6. 16 오후 4:00:00,132.08,132.39,129.04,130.06,107961508
2022. 6. 17 오후 4:00:00,130.07,133.08,129.81,131.56,134520290
2022. 6. 21 오후 4:00:00,133.42,137.06,133.32,135.87,81000488
2022. 6. 22 오후 4:00:00,134.79,137.76,133.91,135.35,73409234
2022. 6. 23 오후 4:00:00,136.82,138.59,135.63,138.27,72433768
2022. 6. 24 오후 4:00:00,139.9,141.91,139.77,141.66,89116837
2022. 6. 27 오후 4:00:00,142.7,143.49,140.97,141.66,70207908
2022. 6. 28 오후 4:00:00,142.13,143.42,137.32,137.44,67315328
2022. 6. 29 오후 4:00:00,137.46,140.67,136.67,139.23,66242411
2022. 6. 30 오후 4:00:00,137.25,138.37,133.77,136.72,98964467
2022. 7. 1 오후 4:00:00,136.04,139.04,135.66,138.93,71051552
2022. 7. 5 오후 4:00:00,137.77,141.61,136.93,141.56,73429641
2022. 7. 6 오후 4:00:00,141.35,144.12,141.08,142.92,74064254
2022. 7. 7 오후 4:00:00,143.29,146.55,143.28,146.35,66253709
2022. 7. 8 오후 4:00:00,145.26,147.55,145,147.04,64547798
2022. 7. 11 오후 4:00:00,145.67,146.64,143.78,144.87,63305113
2022. 7. 12 오후 4:00:00,145.76,148.45,145.05,145.86,77588759
2022. 7. 13 오후 4:00:00,142.99,146.45,142.12,145.49,71185560
2022. 7. 14 오후 4:00:00,144.08,148.95,143.25,148.47,78140744
2022. 7. 15 오후 4:00:00,149.78,150.86,148.2,150.17,76259931
2022. 7. 18 오후 4:00:00,150.74,151.57,146.7,147.07,81420868
2022. 7. 19 오후 4:00:00,147.92,151.23,146.91,151,82982367
2022. 7. 20 오후 4:00:00,151.12,153.72,150.37,153.04,64823413
2022. 7. 21 오후 4:00:00,154.5,155.57,151.94,155.35,65086636
2022. 7. 22 오후 4:00:00,155.39,156.28,153.41,154.09,66675408
2022. 7. 25 오후 4:00:00,154.01,155.04,152.28,152.95,53623945
2022. 7. 26 오후 4:00:00,152.26,153.09,150.8,151.6,55138691
2022. 7. 27 오후 4:00:00,152.58,157.33,152.16,156.79,78620688
2022. 7. 28 오후 4:00:00,156.98,157.64,154.41,157.35,81378731
2022. 7. 29 오후 4:00:00,161.24,163.63,159.5,162.51,101786860
2022. 8. 1 오후 4:00:00,161.01,163.59,160.89,161.51,67829379
2022. 8. 2 오후 4:00:00,160.1,162.41,159.63,160.01,59907025
2022. 8. 3 오후 4:00:00,160.84,166.59,160.75,166.13,82507488
2022. 8. 4 오후 4:00:00,166.01,167.19,164.43,165.81,55474144
2022. 8. 5 오후 4:00:00,163.21,165.85,163,165.35,56696985
2022. 8. 8 오후 4:00:00,166.37,167.81,164.2,164.87,60362338
2022. 8. 9 오후 4:00:00,164.02,165.82,163.25,164.92,63135503
2022. 8. 10 오후 4:00:00,167.68,169.34,166.9,169.24,70170540
2022. 8. 11 오후 4:00:00,170.06,170.99,168.19,168.49,57149159
2022. 8. 12 오후 4:00:00,169.82,172.17,169.4,172.1,68039382
2022. 8. 15 오후 4:00:00,171.52,173.39,171.35,173.19,54091694
2022. 8. 16 오후 4:00:00,172.78,173.71,171.66,173.03,56377050
2022. 8. 17 오후 4:00:00,172.77,176.15,172.57,174.55,79542037
2022. 8. 18 오후 4:00:00,173.75,174.9,173.12,174.15,62290075
2022. 8. 19 오후 4:00:00,173.03,173.74,171.31,171.52,70346295
2022. 8. 22 오후 4:00:00,169.69,169.86,167.14,167.57,69026809
2022. 8. 23 오후 4:00:00,167.08,168.71,166.65,167.23,54147079
2022. 8. 24 오후 4:00:00,167.32,168.11,166.25,167.53,53841524
2022. 8. 25 오후 4:00:00,168.78,170.14,168.35,170.03,51218209
2022. 8. 26 오후 4:00:00,170.57,171.05,163.56,163.62,78960980
2022. 8. 29 오후 4:00:00,161.15,162.9,159.82,161.38,73313953
2022. 8. 30 오후 4:00:00,162.13,162.56,157.72,158.91,77906197
2022. 8. 31 오후 4:00:00,160.31,160.58,157.14,157.22,87991091
2022. 9. 1 오후 4:00:00,156.64,158.42,154.67,157.96,74229896
2022. 9. 2 오후 4:00:00,159.75,160.36,154.97,155.81,76957768
2022. 9. 6 오후 4:00:00,156.47,157.09,153.69,154.53,73714843
2022. 9. 7 오후 4:00:00,154.82,156.67,153.61,155.96,87449574
2022. 9. 8 오후 4:00:00,154.64,156.36,152.68,154.46,84923847
2022. 9. 9 오후 4:00:00,155.47,157.82,154.75,157.37,68081006
2022. 9. 12 오후 4:00:00,159.59,164.26,159.3,163.43,104955962
2022. 9. 13 오후 4:00:00,159.9,160.54,153.37,153.84,122656614
2022. 9. 14 오후 4:00:00,154.79,157.1,153.61,155.31,87965409
2022. 9. 15 오후 4:00:00,154.65,155.24,151.38,152.37,90481110
2022. 9. 16 오후 4:00:00,151.21,151.35,148.37,150.7,162278841
2022. 9. 19 오후 4:00:00,149.31,154.56,149.1,154.48,81474246
2022. 9. 20 오후 4:00:00,153.4,158.08,153.08,156.9,107689796
2022. 9. 21 오후 4:00:00,157.34,158.74,153.6,153.72,101696790
2022. 9. 22 오후 4:00:00,152.38,154.47,150.91,152.74,86652542
2022. 9. 23 오후 4:00:00,151.19,151.47,148.56,150.43,96029909
2022. 9. 26 오후 4:00:00,149.66,153.77,149.64,150.77,93339409
2022. 9. 27 오후 4:00:00,152.74,154.72,149.95,151.76,84442741
2022. 9. 28 오후 4:00:00,147.64,150.64,144.84,149.84,146691387
2022. 9. 29 오후 4:00:00,146.1,146.72,140.68,142.48,128138237
2022. 9. 30 오후 4:00:00,141.28,143.1,138,138.2,124925274
2022. 10. 3 오후 4:00:00,138.21,143.07,137.69,142.45,114311663
2022. 10. 4 오후 4:00:00,145.03,146.22,144.26,146.1,87830064
2022. 10. 5 오후 4:00:00,144.07,147.38,143.01,146.4,79470968
2022. 10. 6 오후 4:00:00,145.81,147.54,145.22,145.43,68402169
2022. 10. 7 오후 4:00:00,142.54,143.1,139.45,140.09,85925559
2022. 10. 10 오후 4:00:00,140.42,141.89,138.57,140.42,74899002
2022. 10. 11 오후 4:00:00,139.9,141.35,138.22,138.98,77033672
2022. 10. 12 오후 4:00:00,139.13,140.36,138.16,138.34,70433744
2022. 10. 13 오후 4:00:00,134.99,143.59,134.37,142.99,113223975
2022. 10. 14 오후 4:00:00,144.31,144.52,138.19,138.38,88597969
2022. 10. 17 오후 4:00:00,141.07,142.9,140.27,142.41,85250939
2022. 10. 18 오후 4:00:00,145.49,146.7,140.61,143.75,99136610
2022. 10. 19 오후 4:00:00,141.69,144.95,141.5,143.86,61758340
2022. 10. 20 오후 4:00:00,143.02,145.89,142.65,143.39,64521989
2022. 10. 21 오후 4:00:00,142.87,147.85,142.65,147.27,86548609
2022. 10. 24 오후 4:00:00,147.19,150.23,146,149.45,75981918
2022. 10. 25 오후 4:00:00,150.09,152.49,149.36,152.34,74732290
2022. 10. 26 오후 4:00:00,150.96,151.99,148.04,149.35,88436172
2022. 10. 27 오후 4:00:00,148.07,149.05,144.13,144.8,109180150
2022. 10. 28 오후 4:00:00,148.2,157.5,147.82,155.74,164762371
2022. 10. 31 오후 4:00:00,153.16,154.24,151.92,153.34,97943171
2022. 11. 1 오후 4:00:00,155.08,155.45,149.13,150.65,80379345
2022. 11. 2 오후 4:00:00,148.95,152.17,145,145.03,93604623
2022. 11. 3 오후 4:00:00,142.06,142.8,138.75,138.88,97918516
2022. 11. 4 오후 4:00:00,142.09,142.67,134.38,138.38,140814796
2022. 11. 7 오후 4:00:00,137.11,139.15,135.67,138.92,83374628
2022. 11. 8 오후 4:00:00,140.41,141.43,137.49,139.5,89908477
2022. 11. 9 오후 4:00:00,138.5,138.55,134.59,134.87,74917794
2022. 11. 10 오후 4:00:00,141.24,146.87,139.5,146.87,118854028
2022. 11. 11 오후 4:00:00,145.82,150.01,144.37,149.7,93979665
2022. 11. 14 오후 4:00:00,148.97,150.28,147.43,148.28,73374114
2022. 11. 15 오후 4:00:00,152.22,153.59,148.56,150.04,89868332
2022. 11. 16 오후 4:00:00,149.13,149.87,147.29,148.79,64218266
2022. 11. 17 오후 4:00:00,146.43,151.48,146.15,150.72,80389400
2022. 11. 18 오후 4:00:00,152.31,152.7,149.97,151.29,74829573
2022. 11. 21 오후 4:00:00,150.16,150.37,147.72,148.01,58724070
2022. 11. 22 오후 4:00:00,148.13,150.42,146.93,150.18,51804132
2022. 11. 23 오후 4:00:00,149.45,151.83,149.34,151.07,58301395
2022. 11. 25 오후 1:05:00,148.31,148.88,147.12,148.11,35195860
2022. 11. 28 오후 4:00:00,145.14,146.64,143.38,144.22,69346522
2022. 11. 29 오후 4:00:00,144.29,144.81,140.35,141.17,83763803
2022. 11. 30 오후 4:00:00,141.4,148.72,140.55,148.03,111380880
2022. 12. 1 오후 4:00:00,148.21,149.13,146.61,148.31,71250416
2022. 12. 2 오후 4:00:00,145.96,148,145.65,147.81,65447446
2022. 12. 5 오후 4:00:00,147.77,150.92,145.77,146.63,68826442
2022. 12. 6 오후 4:00:00,147.07,147.3,141.92,142.91,64727186
2022. 12. 7 오후 4:00:00,142.19,143.37,140,140.94,69721094
2022. 12. 8 오후 4:00:00,142.36,143.52,141.1,142.65,62128338
2022. 12. 9 오후 4:00:00,142.34,145.57,140.9,142.16,76097011
2022. 12. 12 오후 4:00:00,142.7,144.5,141.06,144.49,70462654
2022. 12. 13 오후 4:00:00,149.5,149.97,144.24,145.47,93886161
2022. 12. 14 오후 4:00:00,145.35,146.66,141.16,143.21,82291182
2022. 12. 15 오후 4:00:00,141.11,141.8,136.03,136.5,98931907
2022. 12. 16 오후 4:00:00,136.69,137.65,133.73,134.51,160156900
2022. 12. 19 오후 4:00:00,135.11,135.2,131.32,132.37,79592614
2022. 12. 20 오후 4:00:00,131.39,133.25,129.89,132.3,77432819
2022. 12. 21 오후 4:00:00,132.98,136.81,132.75,135.45,85927993
2022. 12. 22 오후 4:00:00,134.35,134.56,130.3,132.23,77852108
2022. 12. 23 오후 4:00:00,130.92,132.42,129.64,131.86,63814893
2022. 12. 27 오후 4:00:00,131.38,131.41,128.72,130.03,69007830
2022. 12. 28 오후 4:00:00,129.67,131.03,125.87,126.04,85438391
2022. 12. 29 오후 4:00:00,127.99,130.48,127.73,129.61,75703710
2022. 12. 30 오후 4:00:00,128.41,129.95,127.43,129.93,77034209
2023. 1. 3 오후 4:00:00,130.28,130.9,124.17,125.07,112117471
2023. 1. 4 오후 4:00:00,126.89,128.66,125.08,126.36,89113633
2023. 1. 5 오후 4:00:00,127.13,127.77,124.76,125.02,80962708
2023. 1. 6 오후 4:00:00,126.01,130.29,124.89,129.62,87754715
2023. 1. 9 오후 4:00:00,130.47,133.41,129.89,130.15,70790813
2023. 1. 10 오후 4:00:00,130.26,131.26,128.12,130.73,63896155
2023. 1. 11 오후 4:00:00,131.25,133.51,130.46,133.49,69458949
2023. 1. 12 오후 4:00:00,133.88,134.26,131.44,133.41,71379648
2023. 1. 13 오후 4:00:00,132.03,134.92,131.66,134.76,57809719
2023. 1. 17 오후 4:00:00,134.83,137.29,134.13,135.94,63646627
2023. 1. 18 오후 4:00:00,136.82,138.61,135.03,135.21,69672800
2023. 1. 19 오후 4:00:00,134.08,136.25,133.77,135.27,58280413
2023. 1. 20 오후 4:00:00,135.28,138.02,134.22,137.87,80223626
2023. 1. 23 오후 4:00:00,138.12,143.32,137.9,141.11,81760313
2023. 1. 24 오후 4:00:00,140.31,143.16,140.3,142.53,66435142
2023. 1. 25 오후 4:00:00,140.89,142.43,138.81,141.86,65799349
2023. 1. 26 오후 4:00:00,143.17,144.25,141.9,143.96,54105068
2023. 1. 27 오후 4:00:00,143.16,147.23,143.08,145.93,70555843
2023. 1. 30 오후 4:00:00,144.96,145.55,142.85,143,64015274
2023. 1. 31 오후 4:00:00,142.7,144.34,142.28,144.29,65874459
2023. 2. 1 오후 4:00:00,143.97,146.61,141.32,145.43,77663633
2023. 2. 2 오후 4:00:00,148.9,151.18,148.17,150.82,118338980
2023. 2. 3 오후 4:00:00,148.03,157.38,147.83,154.5,154357337
2023. 2. 6 오후 4:00:00,152.57,153.1,150.78,151.73,69858306
2023. 2. 7 오후 4:00:00,150.64,155.23,150.64,154.65,83322551
2023. 2. 8 오후 4:00:00,153.88,154.58,151.17,151.92,64120079
2023. 2. 9 오후 4:00:00,153.78,154.33,150.42,150.87,56007143
2023. 2. 10 오후 4:00:00,149.46,151.34,149.22,151.01,57450708
2023. 2. 13 오후 4:00:00,150.95,154.26,150.92,153.85,62199013
2023. 2. 14 오후 4:00:00,152.12,153.77,150.86,153.2,61707573
2023. 2. 15 오후 4:00:00,153.11,155.5,152.88,155.33,65669252
2023. 2. 16 오후 4:00:00,153.51,156.33,153.35,153.71,68167942
2023. 2. 17 오후 4:00:00,152.35,153,150.85,152.55,59144118
2023. 2. 21 오후 4:00:00,150.2,151.3,148.41,148.48,58867230
2023. 2. 22 오후 4:00:00,148.87,149.95,147.16,148.91,51011305
2023. 2. 23 오후 4:00:00,150.09,150.34,147.24,149.4,48394249
2023. 2. 24 오후 4:00:00,147.11,147.19,145.72,146.71,55469606
2023. 2. 27 오후 4:00:00,147.71,149.17,147.45,147.92,44998470
2023. 2. 28 오후 4:00:00,147.05,149.08,146.83,147.41,50546998
2023. 3. 1 오후 4:00:00,146.83,147.23,145.01,145.31,55478991
2023. 3. 2 오후 4:00:00,144.38,146.71,143.9,145.91,52279761
2023. 3. 3 오후 4:00:00,148.04,151.11,147.33,151.03,70732297
2023. 3. 6 오후 4:00:00,153.79,156.3,153.46,153.83,87558028
2023. 3. 7 오후 4:00:00,153.7,154.03,151.13,151.6,56182028
2023. 3. 8 오후 4:00:00,152.81,153.47,151.83,152.87,47204791
2023. 3. 9 오후 4:00:00,153.56,154.54,150.23,150.59,53833582
2023. 3. 10 오후 4:00:00,150.21,150.94,147.61,148.5,68572400
2023. 3. 13 오후 4:00:00,147.81,153.14,147.7,150.47,84457122
2023. 3. 14 오후 4:00:00,151.28,153.4,150.1,152.59,73695893
2023. 3. 15 오후 4:00:00,151.19,153.25,149.92,152.99,77167866
2023. 3. 16 오후 4:00:00,152.16,156.46,151.64,155.85,76254419
2023. 3. 17 오후 4:00:00,156.08,156.74,154.28,155,98944633
2023. 3. 20 오후 4:00:00,155.07,157.82,154.15,157.4,73641415
2023. 3. 21 오후 4:00:00,157.32,159.4,156.54,159.28,73938285
2023. 3. 22 오후 4:00:00,159.3,162.14,157.81,157.83,75701811
2023. 3. 23 오후 4:00:00,158.83,161.55,157.68,158.93,67622060
2023. 3. 24 오후 4:00:00,158.86,160.34,157.85,160.25,59256343
2023. 3. 27 오후 4:00:00,159.94,160.77,157.87,158.28,52390266
2023. 3. 28 오후 4:00:00,157.97,158.49,155.98,157.65,45992152
2023. 3. 29 오후 4:00:00,159.37,161.05,159.35,160.77,51305691
2023. 3. 30 오후 4:00:00,161.53,162.47,161.27,162.36,49501689
2023. 3. 31 오후 4:00:00,162.44,165,161.91,164.9,68749792
2023. 4. 3 오후 4:00:00,164.27,166.29,164.22,166.17,56976187
2023. 4. 4 오후 4:00:00,166.6,166.84,165.11,165.63,46278295
2023. 4. 5 오후 4:00:00,164.74,165.05,161.8,163.76,51511744
2023. 4. 6 오후 4:00:00,162.43,164.96,162,164.66,45390123
2023. 4. 10 오후 4:00:00,161.42,162.03,160.08,162.03,47716882
2023. 4. 11 오후 4:00:00,162.35,162.36,160.51,160.8,47644217
2023. 4. 12 오후 4:00:00,161.22,162.06,159.78,160.1,50133062
2023. 4. 13 오후 4:00:00,161.63,165.8,161.42,165.56,68445649
2023. 4. 14 오후 4:00:00,164.59,166.32,163.82,165.21,49386480
2023. 4. 17 오후 4:00:00,165.09,165.39,164.03,165.23,41516217
2023. 4. 18 오후 4:00:00,166.1,167.41,165.65,166.47,49923008
2023. 4. 19 오후 4:00:00,165.8,168.16,165.54,167.63,47720166
2023. 4. 20 오후 4:00:00,166.09,167.87,165.56,166.65,52456377
2023. 4. 21 오후 4:00:00,165.05,166.45,164.49,165.02,58337341
2023. 4. 24 오후 4:00:00,165,165.6,163.89,165.33,41949581
2023. 4. 25 오후 4:00:00,165.19,166.31,163.73,163.77,48714063
2023. 4. 26 오후 4:00:00,163.06,165.28,162.8,163.76,45498796
2023. 4. 27 오후 4:00:00,165.19,168.56,165.19,168.41,64902329
2023. 4. 28 오후 4:00:00,168.49,169.85,167.88,169.68,55275851
2023. 5. 1 오후 4:00:00,169.28,170.45,168.64,169.59,52472936
2023. 5. 2 오후 4:00:00,170.09,170.35,167.54,168.54,48425696
2023. 5. 3 오후 4:00:00,169.5,170.92,167.16,167.45,65136018
2023. 5. 4 오후 4:00:00,164.89,167.04,164.31,165.79,81235427
2023. 5. 5 오후 4:00:00,170.98,174.3,170.76,173.57,113453171
2023. 5. 8 오후 4:00:00,172.48,173.85,172.11,173.5,55962793
2023. 5. 9 오후 4:00:00,173.05,173.54,171.6,171.77,45326874
2023. 5. 10 오후 4:00:00,173.02,174.03,171.9,173.56,53724501
2023. 5. 11 오후 4:00:00,173.85,174.59,172.17,173.75,49514676
2023. 5. 12 오후 4:00:00,173.62,174.06,171,172.57,45533138
2023. 5. 15 오후 4:00:00,173.16,173.21,171.47,172.07,37266659
2023. 5. 16 오후 4:00:00,171.99,173.14,171.8,172.07,42110293
2023. 5. 17 오후 4:00:00,171.71,172.93,170.42,172.69,57951604
2023. 5. 18 오후 4:00:00,173,175.24,172.58,175.05,65496657
2023. 5. 19 오후 4:00:00,176.39,176.39,174.94,175.16,55809475
2023. 5. 22 오후 4:00:00,173.98,174.71,173.45,174.2,43570932
2023. 5. 23 오후 4:00:00,173.13,173.38,171.28,171.56,50747263
2023. 5. 24 오후 4:00:00,171.09,172.42,170.52,171.84,45143488
2023. 5. 25 오후 4:00:00,172.41,173.9,171.69,172.99,56058258
2023. 5. 26 오후 4:00:00,173.32,175.77,173.11,175.43,54834975
2023. 5. 30 오후 4:00:00,176.96,178.99,176.57,177.3,55964401
2023. 5. 31 오후 4:00:00,177.33,179.35,176.76,177.25,99625288
2023. 6. 1 오후 4:00:00,177.7,180.12,176.93,180.09,68901809
2023. 6. 2 오후 4:00:00,181.03,181.78,179.26,180.95,61996913
2023. 6. 5 오후 4:00:00,182.63,184.95,178.04,179.58,121946497
2023. 6. 6 오후 4:00:00,179.97,180.12,177.43,179.21,64848374
2023. 6. 7 오후 4:00:00,178.44,181.21,177.32,177.82,61944615
2023. 6. 8 오후 4:00:00,177.9,180.84,177.46,180.57,50214881
2023. 6. 9 오후 4:00:00,181.5,182.23,180.63,180.96,48899973
2023. 6. 12 오후 4:00:00,181.27,183.89,180.97,183.79,54754995
2023. 6. 13 오후 4:00:00,182.8,184.15,182.44,183.31,54929129
2023. 6. 14 오후 4:00:00,183.37,184.39,182.02,183.95,57462882
2023. 6. 15 오후 4:00:00,183.96,186.52,183.78,186.01,65433166
2023. 6. 16 오후 4:00:00,186.73,186.99,184.27,184.92,101256225
2023. 6. 20 오후 4:00:00,184.41,186.1,184.41,185.01,49799092
2023. 6. 21 오후 4:00:00,184.9,185.41,182.59,183.96,49515697
2023. 6. 22 오후 4:00:00,183.74,187.05,183.67,187,51245327
2023. 6. 23 오후 4:00:00,185.55,187.56,185.01,186.68,53116996
2023. 6. 26 오후 4:00:00,186.83,188.05,185.23,185.27,48088661
2023. 6. 27 오후 4:00:00,185.89,188.39,185.67,188.06,50730846
2023. 6. 28 오후 4:00:00,187.93,189.9,187.6,189.25,51216801
2023. 6. 29 오후 4:00:00,189.08,190.07,188.94,189.59,46347308
2023. 6. 30 오후 4:00:00,191.63,194.48,191.26,193.97,85213216
2023. 7. 3 오후 1:05:00,193.78,193.88,191.76,192.46,31458198
2023. 7. 5 오후 4:00:00,191.57,192.98,190.62,191.33,46920261
2023. 7. 6 오후 4:00:00,189.84,192.02,189.2,191.81,45156009
2023. 7. 7 오후 4:00:00,191.41,192.67,190.24,190.68,46814998
2023. 7. 10 오후 4:00:00,189.26,189.99,187.04,188.61,59922163
2023. 7. 11 오후 4:00:00,189.16,189.3,186.6,188.08,46638119
2023. 7. 12 오후 4:00:00,189.68,191.7,188.47,189.77,60750248
2023. 7. 13 오후 4:00:00,190.5,191.19,189.78,190.54,41342338
2023. 7. 14 오후 4:00:00,190.23,191.18,189.63,190.69,41616242
2023. 7. 17 오후 4:00:00,191.9,194.32,191.81,193.99,50520159
2023. 7. 18 오후 4:00:00,193.35,194.33,192.42,193.73,48353774
2023. 7. 19 오후 4:00:00,193.1,198.23,192.65,195.1,80507323
2023. 7. 20 오후 4:00:00,195.09,196.47,192.5,193.13,59581196
2023. 7. 21 오후 4:00:00,194.1,194.97,191.23,191.94,71951683
2023. 7. 24 오후 4:00:00,193.41,194.91,192.25,192.75,45505097
2023. 7. 25 오후 4:00:00,193.33,194.44,192.92,193.62,37283201
2023. 7. 26 오후 4:00:00,193.67,195.64,193.32,194.5,47471868
2023. 7. 27 오후 4:00:00,196.02,197.2,192.55,193.22,47460180
2023. 7. 28 오후 4:00:00,194.67,196.63,194.14,195.83,48291443
2023. 7. 31 오후 4:00:00,196.06,196.49,195.26,196.45,38824113
2023. 8. 1 오후 4:00:00,196.24,196.73,195.28,195.61,35281426
2023. 8. 2 오후 4:00:00,195.04,195.18,191.85,192.58,50389327
2023. 8. 3 오후 4:00:00,191.57,192.37,190.69,191.17,62243282
2023. 8. 4 오후 4:00:00,185.52,187.38,181.92,181.99,115956841
2023. 8. 7 오후 4:00:00,182.13,183.13,177.35,178.85,97576069
2023. 8. 8 오후 4:00:00,179.69,180.27,177.58,179.8,67823003
2023. 8. 9 오후 4:00:00,180.87,180.93,177.01,178.19,60378492
2023. 8. 10 오후 4:00:00,179.48,180.75,177.6,177.97,54686851
2023. 8. 11 오후 4:00:00,177.32,178.62,176.55,177.79,52036672
2023. 8. 14 오후 4:00:00,177.97,179.69,177.31,179.46,43675627
2023. 8. 15 오후 4:00:00,178.88,179.48,177.05,177.45,43622593
2023. 8. 16 오후 4:00:00,177.13,178.54,176.5,176.57,46964857
2023. 8. 17 오후 4:00:00,177.14,177.51,173.48,174,66062882
2023. 8. 18 오후 4:00:00,172.3,175.1,171.96,174.49,61172150
2023. 8. 21 오후 4:00:00,175.07,176.13,173.74,175.84,46311879
2023. 8. 22 오후 4:00:00,177.06,177.68,176.25,177.23,42084245
2023. 8. 23 오후 4:00:00,178.52,181.55,178.33,181.12,52722752
2023. 8. 24 오후 4:00:00,180.67,181.1,176.01,176.38,54945798
2023. 8. 25 오후 4:00:00,177.38,179.15,175.82,178.61,51449594
2023. 8. 28 오후 4:00:00,180.09,180.59,178.55,180.19,43820697
2023. 8. 29 오후 4:00:00,179.7,184.9,179.5,184.12,53003948
2023. 8. 30 오후 4:00:00,184.94,187.85,184.74,187.65,60813888
2023. 8. 31 오후 4:00:00,187.84,189.12,187.48,187.87,60794467
2023. 9. 1 오후 4:00:00,189.49,189.92,188.28,189.46,45766503
2023. 9. 5 오후 4:00:00,188.28,189.98,187.61,189.7,45280027
2023. 9. 6 오후 4:00:00,188.4,188.85,181.47,182.91,81755816
2023. 9. 7 오후 4:00:00,175.18,178.21,173.54,177.56,112488803
2023. 9. 8 오후 4:00:00,178.35,180.24,177.79,178.18,65602066
2023. 9. 11 오후 4:00:00,180.07,180.3,177.34,179.36,58953052
2023. 9. 12 오후 4:00:00,179.49,180.13,174.82,176.3,90370192
2023. 9. 13 오후 4:00:00,176.51,177.3,173.98,174.21,84267928
2023. 9. 14 오후 4:00:00,174,176.1,173.58,175.74,60895757
2023. 9. 15 오후 4:00:00,176.48,176.5,173.82,175.01,109259461
2023. 9. 18 오후 4:00:00,176.48,179.38,176.17,177.97,67257573
2023. 9. 19 오후 4:00:00,177.52,179.63,177.13,179.07,51826941
2023. 9. 20 오후 4:00:00,179.26,179.7,175.4,175.49,58436181
2023. 9. 21 오후 4:00:00,174.55,176.3,173.86,173.93,63149116
2023. 9. 22 오후 4:00:00,174.67,177.08,174.05,174.79,56725385
2023. 9. 25 오후 4:00:00,174.2,176.97,174.15,176.08,46172740
2023. 9. 26 오후 4:00:00,174.82,175.2,171.66,171.96,64588945
2023. 9. 27 오후 4:00:00,172.62,173.04,169.05,170.43,66921808
2023. 9. 28 오후 4:00:00,169.34,172.03,167.62,170.69,56294419
2023. 9. 29 오후 4:00:00,172.02,173.07,170.34,171.21,51861083
2023. 10. 2 오후 4:00:00,171.22,174.3,170.93,173.75,52164535
2023. 10. 3 오후 4:00:00,172.26,173.63,170.82,172.4,49594613
2023. 10. 4 오후 4:00:00,171.09,174.21,170.97,173.66,53020286
2023. 10. 5 오후 4:00:00,173.79,175.45,172.68,174.91,48527918
2023. 10. 6 오후 4:00:00,173.8,177.99,173.18,177.49,57266675
2023. 10. 9 오후 4:00:00,176.81,179.05,175.8,178.99,42390772
2023. 10. 10 오후 4:00:00,178.1,179.72,177.95,178.39,43698019
2023. 10. 11 오후 4:00:00,178.2,179.85,177.6,179.8,47551098
2023. 10. 12 오후 4:00:00,180.07,182.34,179.04,180.71,56743119
2023. 10. 13 오후 4:00:00,181.42,181.93,178.14,178.85,51456082
2023. 10. 16 오후 4:00:00,176.75,179.08,176.51,178.72,52516984
2023. 10. 17 오후 4:00:00,176.65,178.42,174.8,177.15,57549350
2023. 10. 18 오후 4:00:00,175.58,177.58,175.11,175.84,54764375
2023. 10. 19 오후 4:00:00,176.04,177.84,175.19,175.46,59302863
2023. 10. 20 오후 4:00:00,175.31,175.42,172.64,172.88,64244028
2023. 10. 23 오후 4:00:00,170.91,174.01,169.93,173,55980109
2023. 10. 24 오후 4:00:00,173.05,173.67,171.45,173.44,43816644
2023. 10. 25 오후 4:00:00,171.88,173.06,170.65,171.1,57156962
2023. 10. 26 오후 4:00:00,170.37,171.38,165.67,166.89,70625258
2023. 10. 27 오후 4:00:00,166.91,168.96,166.83,168.22,58499129
2023. 10. 30 오후 4:00:00,169.02,171.17,168.87,170.29,51130955
2023. 10. 31 오후 4:00:00,169.35,170.9,167.9,170.77,44846017
2023. 11. 1 오후 4:00:00,171,174.23,170.12,173.97,56934906
2023. 11. 2 오후 4:00:00,175.52,177.78,175.46,177.57,77334752
2023. 11. 3 오후 4:00:00,174.24,176.82,173.35,176.65,79829246
2023. 11. 6 오후 4:00:00,176.38,179.43,176.21,179.23,63841310
2023. 11. 7 오후 4:00:00,179.18,182.44,178.97,181.82,70529966
2023. 11. 8 오후 4:00:00,182.35,183.45,181.59,182.89,49340282
2023. 11. 9 오후 4:00:00,182.96,184.12,181.81,182.41,53763540
2023. 11. 10 오후 4:00:00,183.97,186.57,183.53,186.4,66177922
2023. 11. 13 오후 4:00:00,185.82,186.03,184.21,184.8,43627519
2023. 11. 14 오후 4:00:00,187.7,188.11,186.3,187.44,60108378
2023. 11. 15 오후 4:00:00,187.85,189.5,187.78,188.01,53790499
2023. 11. 16 오후 4:00:00,189.57,190.96,188.65,189.71,54412915
2023. 11. 17 오후 4:00:00,190.25,190.38,188.57,189.69,50941404
2023. 11. 20 오후 4:00:00,189.89,191.91,189.88,191.45,46538614
2023. 11. 21 오후 4:00:00,191.41,191.52,189.74,190.64,38134485
2023. 11. 22 오후 4:00:00,191.49,192.93,190.83,191.31,39630011
2023. 11. 24 오후 1:05:00,190.87,190.9,189.25,189.97,24048344
2023. 11. 27 오후 4:00:00,189.92,190.67,188.9,189.79,40552609
2023. 11. 28 오후 4:00:00,189.78,191.08,189.4,190.4,38415419
2023. 11. 29 오후 4:00:00,190.9,192.09,188.97,189.37,43014224
2023. 11. 30 오후 4:00:00,189.84,190.32,188.19,189.95,48794366
2023. 12. 1 오후 4:00:00,190.33,191.56,189.23,191.24,45704823
2023. 12. 4 오후 4:00:00,189.98,190.05,187.45,189.43,43389519
2023. 12. 5 오후 4:00:00,190.21,194.4,190.18,193.42,66628398
2023. 12. 6 오후 4:00:00,194.45,194.76,192.11,192.32,41089737
2023. 12. 7 오후 4:00:00,193.63,195,193.59,194.27,47477655
2023. 12. 8 오후 4:00:00,194.2,195.99,193.67,195.71,53406358
2023. 12. 11 오후 4:00:00,193.11,193.49,191.42,193.18,60943699
2023. 12. 12 오후 4:00:00,193.08,194.72,191.72,194.71,52696900
2023. 12. 13 오후 4:00:00,195.09,198,194.85,197.96,70404183
2023. 12. 14 오후 4:00:00,198.02,199.62,196.16,198.11,66831572
2023. 12. 15 오후 4:00:00,197.53,198.4,197,197.57,128538401
2023. 12. 18 오후 4:00:00,196.09,196.63,194.39,195.89,55751861
2023. 12. 19 오후 4:00:00,196.16,196.95,195.89,196.94,40714051
2023. 12. 20 오후 4:00:00,196.9,197.68,194.83,194.83,52242815
2023. 12. 21 오후 4:00:00,196.1,197.08,193.5,194.68,46482549
2023. 12. 22 오후 4:00:00,195.18,195.41,192.97,193.6,37149570
2023. 12. 26 오후 4:00:00,193.61,193.89,192.83,193.05,28919310
2023. 12. 27 오후 4:00:00,192.49,193.5,191.09,193.15,48087681
2023. 12. 28 오후 4:00:00,194.14,194.66,193.17,193.58,34049898
2023. 12. 29 오후 4:00:00,193.9,194.4,191.73,192.53,42672148
2024. 1. 2 오후 4:00:00,187.15,188.44,183.89,185.64,82488674
2024. 1. 3 오후 4:00:00,184.22,185.88,183.43,184.25,58414460
2024. 1. 4 오후 4:00:00,182.15,183.09,180.88,181.91,71983570
2024. 1. 5 오후 4:00:00,181.99,182.76,180.17,181.18,62379661
2024. 1. 8 오후 4:00:00,182.09,185.6,181.5,185.56,59144470
2024. 1. 9 오후 4:00:00,183.92,185.15,182.73,185.14,42841809
2024. 1. 10 오후 4:00:00,184.35,186.4,183.92,186.19,46792908
2024. 1. 11 오후 4:00:00,186.54,187.05,183.62,185.59,49128408
2024. 1. 12 오후 4:00:00,186.06,186.74,185.19,185.92,40477782
2024. 1. 16 오후 4:00:00,182.16,184.26,180.93,183.63,65603041
2024. 1. 17 오후 4:00:00,181.27,182.93,180.3,182.68,47317433
2024. 1. 18 오후 4:00:00,186.09,189.14,185.83,188.63,78005754
2024. 1. 19 오후 4:00:00,189.33,191.95,188.82,191.56,68902985
2024. 1. 22 오후 4:00:00,192.3,195.33,192.26,193.89,60133852
2024. 1. 23 오후 4:00:00,195.02,195.75,193.83,195.18,42355590
2024. 1. 24 오후 4:00:00,195.42,196.38,194.34,194.5,53631316
2024. 1. 25 오후 4:00:00,195.22,196.27,193.11,194.17,54822126
2024. 1. 26 오후 4:00:00,194.27,194.76,191.94,192.42,44594011
2024. 1. 29 오후 4:00:00,192.01,192.2,189.58,191.73,47145622
2024. 1. 30 오후 4:00:00,190.94,191.8,187.47,188.04,55859370
2024. 1. 31 오후 4:00:00,187.04,187.1,184.35,184.4,55467803
2024. 2. 1 오후 4:00:00,183.99,186.95,183.82,186.86,64885408
2024. 2. 2 오후 4:00:00,179.86,187.33,179.25,185.85,102551680
2024. 2. 5 오후 4:00:00,188.15,189.25,185.84,187.68,69668820
2024. 2. 6 오후 4:00:00,186.86,189.31,186.77,189.3,43490759
2024. 2. 7 오후 4:00:00,190.64,191.05,188.61,189.41,53438955
2024. 2. 8 오후 4:00:00,189.39,189.54,187.35,188.32,40962046
2024. 2. 9 오후 4:00:00,188.65,189.99,188,188.85,45155216
2024. 2. 12 오후 4:00:00,188.42,188.67,186.79,187.15,41781934
2024. 2. 13 오후 4:00:00,185.77,186.21,183.51,185.04,56529529
2024. 2. 14 오후 4:00:00,185.32,185.53,182.44,184.15,54630517
2024. 2. 15 오후 4:00:00,183.55,184.49,181.35,183.86,65434496
2024. 2. 16 오후 4:00:00,183.42,184.85,181.67,182.31,49752465
2024. 2. 20 오후 4:00:00,181.79,182.43,180,181.56,53665553
2024. 2. 21 오후 4:00:00,181.94,182.89,180.66,182.32,41529674
2024. 2. 22 오후 4:00:00,183.48,184.96,182.46,184.37,52292208
2024. 2. 23 오후 4:00:00,185.01,185.04,182.23,182.52,45119677
2024. 2. 26 오후 4:00:00,182.24,182.76,180.65,181.16,40867421
2024. 2. 27 오후 4:00:00,181.1,183.92,179.56,182.63,54318851
2024. 2. 28 오후 4:00:00,182.51,183.12,180.13,181.42,48953939
2024. 2. 29 오후 4:00:00,181.27,182.57,179.53,180.75,136682597
2024. 3. 1 오후 4:00:00,179.55,180.53,177.38,179.66,73563082
2024. 3. 4 오후 4:00:00,176.15,176.9,173.79,175.1,81510101
2024. 3. 5 오후 4:00:00,170.76,172.04,169.62,170.12,95132355
2024. 3. 6 오후 4:00:00,171.06,171.24,168.68,169.12,68587707
2024. 3. 7 오후 4:00:00,169.15,170.73,168.49,169,71765061
2024. 3. 8 오후 4:00:00,169,173.7,168.94,170.73,76267041
2024. 3. 11 오후 4:00:00,172.94,174.38,172.05,172.75,60139473
2024. 3. 12 오후 4:00:00,173.15,174.03,171.01,173.23,59825372
2024. 3. 13 오후 4:00:00,172.77,173.19,170.76,171.13,52488692
2024. 3. 14 오후 4:00:00,172.91,174.31,172.05,173,72913507
2024. 3. 15 오후 4:00:00,171.17,172.62,170.29,172.62,121752699
2024. 3. 18 오후 4:00:00,175.57,177.71,173.52,173.72,75604184
2024. 3. 19 오후 4:00:00,174.34,176.61,173.03,176.08,55215244
2024. 3. 20 오후 4:00:00,175.72,178.67,175.09,178.67,53423102
2024. 3. 21 오후 4:00:00,177.05,177.49,170.84,171.37,106181270
2024. 3. 22 오후 4:00:00,171.76,173.05,170.06,172.28,71160138
2024. 3. 25 오후 4:00:00,170.57,171.94,169.45,170.85,54288328
2024. 3. 26 오후 4:00:00,170,171.42,169.58,169.71,57388449
2024. 3. 27 오후 4:00:00,170.41,173.6,170.11,173.31,60273265
2024. 3. 28 오후 4:00:00,171.75,172.23,170.51,171.48,65672690
2024. 4. 1 오후 4:00:00,171.19,171.25,169.48,170.03,46240500
2024. 4. 2 오후 4:00:00,169.08,169.34,168.23,168.84,49329481
2024. 4. 3 오후 4:00:00,168.79,170.68,168.58,169.65,47691715
2024. 4. 4 오후 4:00:00,170.29,171.92,168.82,168.82,53704386
2024. 4. 5 오후 4:00:00,169.59,170.39,168.95,169.58,42104826
2024. 4. 8 오후 4:00:00,169.03,169.2,168.24,168.45,37425513
2024. 4. 9 오후 4:00:00,168.7,170.08,168.35,169.67,42451209
2024. 4. 10 오후 4:00:00,168.8,169.09,167.11,167.78,49709336
2024. 4. 11 오후 4:00:00,168.34,175.46,168.16,175.04,91070275
2024. 4. 12 오후 4:00:00,174.26,178.36,174.21,176.55,101670886
2024. 4. 15 오후 4:00:00,175.36,176.63,172.5,172.69,73531773
2024. 4. 16 오후 4:00:00,171.75,173.76,168.27,169.38,73711235
2024. 4. 17 오후 4:00:00,169.61,170.65,168,168,50901210
2024. 4. 18 오후 4:00:00,168.03,168.64,166.55,167.04,43122903
2024. 4. 19 오후 4:00:00,166.21,166.4,164.08,165,68149377
2024. 4. 22 오후 4:00:00,165.52,167.26,164.77,165.84,48116443
2024. 4. 23 오후 4:00:00,165.35,167.05,164.92,166.9,49537761
2024. 4. 24 오후 4:00:00,166.54,169.3,166.21,169.02,48251835
2024. 4. 25 오후 4:00:00,169.53,170.61,168.15,169.89,50558329
2024. 4. 26 오후 4:00:00,169.88,171.34,169.18,169.3,44838354
2024. 4. 29 오후 4:00:00,173.37,176.03,173.1,173.5,68169419
2024. 4. 30 오후 4:00:00,173.33,174.99,170,170.33,65934776
2024. 5. 1 오후 4:00:00,169.58,172.71,169.11,169.3,50383147
2024. 5. 2 오후 4:00:00,172.51,173.42,170.89,173.03,94214915
2024. 5. 3 오후 4:00:00,186.65,187,182.66,183.38,163224109
2024. 5. 6 오후 4:00:00,182.35,184.2,180.42,181.71,78569667
2024. 5. 7 오후 4:00:00,183.45,184.9,181.32,182.4,77305771
2024. 5. 8 오후 4:00:00,182.85,183.07,181.45,182.74,45057087
2024. 5. 9 오후 4:00:00,182.56,184.66,182.11,184.57,48982972
2024. 5. 10 오후 4:00:00,184.9,185.09,182.13,183.05,50759496
2024. 5. 13 오후 4:00:00,185.44,187.1,184.62,186.28,72044809
2024. 5. 14 오후 4:00:00,187.51,188.3,186.29,187.43,52393619
2024. 5. 15 오후 4:00:00,187.91,190.65,187.37,189.72,70399988
2024. 5. 16 오후 4:00:00,190.47,191.1,189.66,189.84,52845230
2024. 5. 17 오후 4:00:00,189.51,190.81,189.18,189.87,41282925
2024. 5. 20 오후 4:00:00,189.35,191.92,189.01,191.04,44361275
2024. 5. 21 오후 4:00:00,191.09,192.73,190.92,192.35,42309401
2024. 5. 22 오후 4:00:00,192.27,192.82,190.27,190.9,34648547
2024. 5. 23 오후 4:00:00,190.98,191,186.63,186.88,51005924
2024. 5. 24 오후 4:00:00,188.82,190.58,188.04,189.98,36326975
2024. 5. 28 오후 4:00:00,191.51,193,189.1,189.99,52280051
2024. 5. 29 오후 4:00:00,189.61,192.25,189.51,190.29,53068016
2024. 5. 30 오후 4:00:00,190.76,192.18,190.63,191.29,49947941
2024. 5. 31 오후 4:00:00,191.44,192.57,189.91,192.25,75158277
2024. 6. 3 오후 4:00:00,192.9,194.99,192.52,194.03,50080539
2024. 6. 4 오후 4:00:00,194.64,195.32,193.03,194.35,47471445
2024. 6. 5 오후 4:00:00,195.4,196.9,194.87,195.87,54156785
2024. 6. 6 오후 4:00:00,195.69,196.5,194.17,194.48,41181753
2024. 6. 7 오후 4:00:00,194.65,196.94,194.14,196.89,53103912
2024. 6. 10 오후 4:00:00,196.9,197.3,192.15,193.12,97262077
2024. 6. 11 오후 4:00:00,193.65,207.16,193.63,207.15,172373296
2024. 6. 12 오후 4:00:00,207.37,220.2,206.9,213.07,198134293
2024. 6. 13 오후 4:00:00,214.74,216.75,211.6,214.24,97862729
2024. 6. 14 오후 4:00:00,213.85,215.17,211.3,212.49,70122748
2024. 6. 17 오후 4:00:00,213.37,218.95,212.72,216.67,93728300
2024. 6. 18 오후 4:00:00,217.59,218.63,213,214.29,79943254
2024. 6. 20 오후 4:00:00,213.93,214.24,208.85,209.68,86172451
2024. 6. 21 오후 4:00:00,210.39,211.89,207.11,207.49,246421353
2024. 6. 24 오후 4:00:00,207.72,212.7,206.59,208.14,80727006
2024. 6. 25 오후 4:00:00,209.15,211.38,208.61,209.07,56713868
2024. 6. 26 오후 4:00:00,211.5,214.86,210.64,213.25,66213186
2024. 6. 27 오후 4:00:00,214.69,215.74,212.35,214.1,49772707
2024. 6. 28 오후 4:00:00,215.77,216.07,210.3,210.62,82542718
2024. 7. 1 오후 4:00:00,212.09,217.51,211.92,216.75,60402929
2024. 7. 2 오후 4:00:00,216.15,220.38,215.1,220.27,58046178
2024. 7. 3 오후 1:05:00,220,221.55,219.03,221.55,37369801
2024. 7. 5 오후 4:00:00,221.65,226.45,221.65,226.34,60412408
2024. 7. 8 오후 4:00:00,227.09,227.85,223.25,227.82,59085861
2024. 7. 9 오후 4:00:00,227.93,229.4,226.37,228.68,48169822
2024. 7. 10 오후 4:00:00,229.3,233.08,229.25,232.98,62627687
2024. 7. 11 오후 4:00:00,231.39,232.39,225.77,227.57,64710617
2024. 7. 12 오후 4:00:00,228.92,232.64,228.68,230.54,53046527
2024. 7. 15 오후 4:00:00,236.48,237.23,233.09,234.4,62631252
2024. 7. 16 오후 4:00:00,235,236.27,232.33,234.82,43234278
2024. 7. 17 오후 4:00:00,229.45,231.46,226.64,228.88,57345884
2024. 7. 18 오후 4:00:00,230.28,230.44,222.27,224.18,66034585
2024. 7. 19 오후 4:00:00,224.82,226.8,223.28,224.31,49151453
2024. 7. 22 오후 4:00:00,227.01,227.78,223.09,223.96,48201835
2024. 7. 23 오후 4:00:00,224.37,226.94,222.68,225.01,39960260
2024. 7. 24 오후 4:00:00,224,224.8,217.13,218.54,61777576
2024. 7. 25 오후 4:00:00,218.93,220.85,214.62,217.49,51391199
2024. 7. 26 오후 4:00:00,218.7,219.49,216.01,217.96,41601345
2024. 7. 29 오후 4:00:00,216.96,219.3,215.75,218.24,36311778
2024. 7. 30 오후 4:00:00,219.19,220.33,216.12,218.8,41643840
2024. 7. 31 오후 4:00:00,221.44,223.82,220.63,222.08,50036262
2024. 8. 1 오후 4:00:00,224.37,224.48,217.02,218.36,62500996
2024. 8. 2 오후 4:00:00,219.15,225.6,217.71,219.86,105568560
2024. 8. 5 오후 4:00:00,199.09,213.5,196,209.27,119548589
2024. 8. 6 오후 4:00:00,205.3,209.99,201.07,207.23,69660488
2024. 8. 7 오후 4:00:00,206.9,213.64,206.39,209.82,63516417
2024. 8. 8 오후 4:00:00,213.11,214.2,208.83,213.31,47161149
2024. 8. 9 오후 4:00:00,212.1,216.78,211.97,216.24,42201646
2024. 8. 12 오후 4:00:00,216.07,219.51,215.6,217.53,38028092
2024. 8. 13 오후 4:00:00,219.01,221.89,219.01,221.27,44155331
2024. 8. 14 오후 4:00:00,220.57,223.03,219.7,221.72,41960574
2024. 8. 15 오후 4:00:00,224.6,225.35,222.76,224.72,46414013
2024. 8. 16 오후 4:00:00,223.92,226.83,223.65,226.05,44340240
2024. 8. 19 오후 4:00:00,225.72,225.99,223.04,225.89,40687813
2024. 8. 20 오후 4:00:00,225.77,227.17,225.45,226.51,30299033
2024. 8. 21 오후 4:00:00,226.52,227.98,225.05,226.4,34765480
2024. 8. 22 오후 4:00:00,227.79,228.34,223.9,224.53,43695321
2024. 8. 23 오후 4:00:00,225.66,228.22,224.33,226.84,38677250
2024. 8. 26 오후 4:00:00,226.76,227.28,223.89,227.18,30602208
2024. 8. 27 오후 4:00:00,226,228.85,224.89,228.03,35934559
2024. 8. 28 오후 4:00:00,227.92,229.86,225.68,226.49,38052167
2024. 8. 29 오후 4:00:00,230.1,232.92,228.88,229.79,51906297
2024. 8. 30 오후 4:00:00,230.19,230.4,227.48,229,52990770
2024. 9. 3 오후 4:00:00,228.55,229,221.17,222.77,50190574
2024. 9. 4 오후 4:00:00,221.66,221.78,217.48,220.85,43840196
2024. 9. 5 오후 4:00:00,221.63,225.48,221.52,222.38,36615398
2024. 9. 6 오후 4:00:00,223.95,225.24,219.77,220.82,48423011
2024. 9. 9 오후 4:00:00,220.82,221.27,216.71,220.91,67179965
2024. 9. 10 오후 4:00:00,218.92,221.48,216.73,220.11,51591033
2024. 9. 11 오후 4:00:00,221.46,223.09,217.89,222.66,44587072
2024. 9. 12 오후 4:00:00,222.5,223.55,219.82,222.77,37498225
2024. 9. 13 오후 4:00:00,223.58,224.04,221.91,222.5,36766619
2024. 9. 16 오후 4:00:00,216.54,217.22,213.92,216.32,59357427
2024. 9. 17 오후 4:00:00,215.75,216.9,214.5,216.79,45519339
2024. 9. 18 오후 4:00:00,217.55,222.71,217.54,220.69,59894928
2024. 9. 19 오후 4:00:00,224.99,229.82,224.63,228.87,66781315
2024. 9. 20 오후 4:00:00,229.97,233.09,227.62,228.2,318679888
2024. 9. 23 오후 4:00:00,227.34,229.45,225.81,226.47,54146023
2024. 9. 24 오후 4:00:00,228.65,229.35,225.73,227.37,43556068
2024. 9. 25 오후 4:00:00,224.93,227.29,224.02,226.37,42308715
2024. 9. 26 오후 4:00:00,227.3,228.5,225.41,227.52,36636707
2024. 9. 27 오후 4:00:00,228.46,229.52,227.3,227.79,34025967
2024. 9. 30 오후 4:00:00,230.04,233,229.65,233,54793391
2024. 10. 1 오후 4:00:00,229.52,229.65,223.74,226.21,63285048
2024. 10. 2 오후 4:00:00,225.89,227.37,223.02,226.78,32880605
2024. 10. 3 오후 4:00:00,225.14,226.81,223.32,225.67,34044158
2024. 10. 4 오후 4:00:00,227.9,228,224.13,226.8,37345098
2024. 10. 7 오후 4:00:00,224.5,225.69,221.33,221.69,39505354
2024. 10. 8 오후 4:00:00,224.3,225.98,223.25,225.77,31855693
2024. 10. 9 오후 4:00:00,225.23,229.75,224.83,229.54,33591091
2024. 10. 10 오후 4:00:00,227.78,229.5,227.17,229.04,28183544
2024. 10. 11 오후 4:00:00,229.3,229.41,227.34,227.55,31759188
2024. 10. 14 오후 4:00:00,228.7,231.73,228.6,231.3,39882085
2024. 10. 15 오후 4:00:00,233.61,237.49,232.37,233.85,64751367
2024. 10. 16 오후 4:00:00,231.6,232.12,229.84,231.78,34082240
2024. 10. 17 오후 4:00:00,233.43,233.85,230.52,232.15,32993810
2024. 10. 18 오후 4:00:00,236.18,236.18,234.01,235,46431472
2024. 10. 21 오후 4:00:00,234.45,236.85,234.45,236.48,36254470
2024. 10. 22 오후 4:00:00,233.89,236.22,232.6,235.86,38846578
2024. 10. 23 오후 4:00:00,234.08,235.14,227.76,230.76,52286979
2024. 10. 24 오후 4:00:00,229.98,230.82,228.41,230.57,31109503
2024. 10. 25 오후 4:00:00,229.74,233.22,229.57,231.41,38802304
2024. 10. 28 오후 4:00:00,233.32,234.73,232.55,233.4,36087134
2024. 10. 29 오후 4:00:00,233.1,234.33,232.32,233.67,35417247
2024. 10. 30 오후 4:00:00,232.61,233.47,229.55,230.1,47070907
2024. 10. 31 오후 4:00:00,229.34,229.83,225.37,225.91,64370086
2024. 11. 1 오후 4:00:00,220.97,225.35,220.27,222.91,65276741
2024. 11. 4 오후 4:00:00,220.99,222.79,219.71,222.01,44944468
2024. 11. 5 오후 4:00:00,221.8,223.95,221.14,223.45,28111338
2024. 11. 6 오후 4:00:00,222.61,226.07,221.19,222.72,54561121
2024. 11. 7 오후 4:00:00,224.63,227.88,224.57,227.48,42137691
2024. 11. 8 오후 4:00:00,227.17,228.66,226.41,226.96,38328824
2024. 11. 11 오후 4:00:00,225,225.7,221.5,224.23,42005602
2024. 11. 12 오후 4:00:00,224.55,225.59,223.36,224.23,40398299
2024. 11. 13 오후 4:00:00,224.01,226.65,222.76,225.12,48566217
2024. 11. 14 오후 4:00:00,225.02,228.87,225,228.22,44923941
2024. 11. 15 오후 4:00:00,226.4,226.92,224.27,225,47923696
2024. 11. 18 오후 4:00:00,225.25,229.74,225.17,228.02,44686020
2024. 11. 19 오후 4:00:00,226.98,230.16,226.66,228.28,36211774
2024. 11. 20 오후 4:00:00,228.06,229.93,225.89,229,35169566
2024. 11. 21 오후 4:00:00,228.88,230.16,225.71,228.52,42108327
2024. 11. 22 오후 4:00:00,228.06,230.72,228.06,229.87,38168252
2024. 11. 25 오후 4:00:00,231.46,233.25,229.74,232.87,90152832
2024. 11. 26 오후 4:00:00,233.33,235.57,233.33,235.06,45986189
2024. 11. 27 오후 4:00:00,234.47,235.69,233.81,234.93,33498439
2024. 11. 29 오후 1:05:00,234.81,237.81,233.97,237.33,28481377
2024. 12. 2 오후 4:00:00,237.27,240.79,237.16,239.59,48137103
2024. 12. 3 오후 4:00:00,239.81,242.76,238.9,242.65,38861017
2024. 12. 4 오후 4:00:00,242.87,244.11,241.25,243.01,44383935
2024. 12. 5 오후 4:00:00,243.99,244.54,242.13,243.04,40033878
2024. 12. 6 오후 4:00:00,242.91,244.63,242.08,242.84,36870619
2024. 12. 9 오후 4:00:00,241.83,247.24,241.75,246.75,44649232
2024. 12. 10 오후 4:00:00,246.89,248.21,245.34,247.77,36914806
2024. 12. 11 오후 4:00:00,247.96,250.8,246.26,246.49,45205814
2024. 12. 12 오후 4:00:00,246.89,248.74,245.68,247.96,32777532
2024. 12. 13 오후 4:00:00,247.82,249.29,246.24,248.13,33155290
2024. 12. 16 오후 4:00:00,247.99,251.38,247.65,251.04,51694753
2024. 12. 17 오후 4:00:00,250.08,253.83,249.78,253.48,51356360
2024. 12. 18 오후 4:00:00,252.16,254.28,247.74,248.05,56774101
2024. 12. 19 오후 4:00:00,247.5,252,247.09,249.79,60882264
2024. 12. 20 오후 4:00:00,248.04,255,245.69,254.49,147495267
2024. 12. 23 오후 4:00:00,254.77,255.65,253.45,255.27,40858774
2024. 12. 24 오후 1:05:00,255.49,258.21,255.29,258.2,23234705
2024. 12. 26 오후 4:00:00,258.19,260.1,257.63,259.02,27262983
2024. 12. 27 오후 4:00:00,257.83,258.7,253.06,255.59,42355321
2024. 12. 30 오후 4:00:00,252.23,253.5,250.75,252.2,35557542
2024. 12. 31 오후 4:00:00,252.44,253.28,249.43,250.42,39480718
2025. 1. 2 오후 4:00:00,248.93,249.1,241.82,243.85,55740731
2025. 1. 3 오후 4:00:00,243.36,244.18,241.89,243.36,40244114
2025. 1. 6 오후 4:00:00,244.31,247.33,243.2,245,45045571
2025. 1. 7 오후 4:00:00,242.98,245.55,241.35,242.21,40855960
2025. 1. 8 오후 4:00:00,241.92,243.71,240.05,242.7,37628940
2025. 1. 10 오후 4:00:00,240.01,240.16,233,236.85,61710856
2025. 1. 13 오후 4:00:00,233.53,234.67,229.72,234.4,49630725
2025. 1. 14 오후 4:00:00,234.75,236.12,232.47,233.28,39435294
2025. 1. 15 오후 4:00:00,234.64,238.96,234.43,237.87,39831969
2025. 1. 16 오후 4:00:00,237.35,238.01,228.03,228.26,71759052
2025. 1. 17 오후 4:00:00,232.12,232.29,228.48,229.98,68488301
2025. 1. 21 오후 4:00:00,224,224.42,219.38,222.64,98070429
2025. 1. 22 오후 4:00:00,219.79,224.12,219.79,223.83,64126500
2025. 1. 23 오후 4:00:00,224.74,227.03,222.3,223.66,60234760
2025. 1. 24 오후 4:00:00,224.78,225.63,221.41,222.78,54697907
2025. 1. 27 오후 4:00:00,224.02,232.15,223.98,229.86,94863418
2025. 1. 28 오후 4:00:00,230.85,240.19,230.81,238.26,75707569
2025. 1. 29 오후 4:00:00,234.12,239.86,234.01,239.36,45486100
2025. 1. 30 오후 4:00:00,238.67,240.79,237.21,237.59,55658279
2025. 1. 31 오후 4:00:00,247.19,247.19,233.44,236,101075128
2025. 2. 3 오후 4:00:00,229.99,231.83,225.7,228.01,73063301
2025. 2. 4 오후 4:00:00,227.25,233.13,226.65,232.8,45067301
2025. 2. 5 오후 4:00:00,228.53,232.67,228.27,232.47,39664989
2025. 2. 6 오후 4:00:00,231.29,233.8,230.43,233.22,29925349
2025. 2. 7 오후 4:00:00,232.6,234,227.26,227.63,39707224
2025. 2. 10 오후 4:00:00,229.57,230.59,227.2,227.65,33115645
2025. 2. 11 오후 4:00:00,228.2,235.23,228.13,232.62,53718362
2025. 2. 12 오후 4:00:00,231.2,236.96,230.68,236.87,45243292
2025. 2. 13 오후 4:00:00,236.91,242.34,235.57,241.53,53614054
2025. 2. 14 오후 4:00:00,241.25,245.55,240.99,244.6,40896227
2025. 2. 18 오후 4:00:00,244.15,245.18,241.84,244.47,48822491
2025. 2. 19 오후 4:00:00,244.66,246.01,243.16,244.87,32204215
2025. 2. 20 오후 4:00:00,244.94,246.78,244.29,245.83,32316907
2025. 2. 21 오후 4:00:00,245.95,248.69,245.22,245.55,53197431
2025. 2. 24 오후 4:00:00,244.93,248.86,244.42,247.1,51326396
2025. 2. 25 오후 4:00:00,248,250,244.91,247.04,48013272
2025. 2. 26 오후 4:00:00,244.33,244.98,239.13,240.36,44433564
2025. 2. 27 오후 4:00:00,239.41,242.46,237.06,237.3,41153639
2025. 2. 28 오후 4:00:00,236.95,242.09,230.2,241.84,56833360
2025. 3. 3 오후 4:00:00,241.79,244.03,236.11,238.03,47183985
2025. 3. 4 오후 4:00:00,237.71,240.07,234.68,235.93,53798062
2025. 3. 5 오후 4:00:00,235.42,236.55,229.23,235.74,47227643
2025. 3. 6 오후 4:00:00,234.44,237.86,233.16,235.33,45170419
2025. 3. 7 오후 4:00:00,235.11,241.37,234.76,239.07,46273565
2025. 3. 10 오후 4:00:00,235.54,236.16,224.22,227.48,72071197
2025. 3. 11 오후 4:00:00,223.81,225.84,217.45,220.84,76137410
2025. 3. 12 오후 4:00:00,220.14,221.75,214.91,216.98,62547467
2025. 3. 13 오후 4:00:00,215.95,216.84,208.42,209.68,61368330
2025. 3. 14 오후 4:00:00,211.25,213.95,209.58,213.49,60107582
2025. 3. 17 오후 4:00:00,213.31,215.22,209.97,214,48073426
2025. 3. 18 오후 4:00:00,214.16,215.15,211.49,212.69,42432426
2025. 3. 19 오후 4:00:00,214.22,218.76,213.75,215.24,54385391
2025. 3. 20 오후 4:00:00,213.99,217.49,212.22,214.1,48862947
2025. 3. 21 오후 4:00:00,211.56,218.84,211.28,218.27,94127768
2025. 3. 24 오후 4:00:00,221,221.48,218.58,220.73,44299483
2025. 3. 25 오후 4:00:00,220.77,224.1,220.08,223.75,34493583
2025. 3. 26 오후 4:00:00,223.51,225.02,220.47,221.53,34532656
2025. 3. 27 오후 4:00:00,221.39,224.99,220.56,223.85,37094774
2025. 3. 28 오후 4:00:00,221.67,223.81,217.68,217.9,39818617
2025. 3. 31 오후 4:00:00,217.01,225.62,216.23,222.13,65299321
2025. 4. 1 오후 4:00:00,219.81,223.68,218.9,223.19,36412740
2025. 4. 2 오후 4:00:00,221.32,225.19,221.02,223.89,35905904
2025. 4. 3 오후 4:00:00,205.54,207.49,201.25,203.19,103419006
2025. 4. 4 오후 4:00:00,193.89,199.88,187.34,188.38,125910913
2025. 4. 7 오후 4:00:00,177.2,194.15,174.62,181.46,160466286
2025. 4. 8 오후 4:00:00,186.7,190.34,169.21,172.42,120859491
2025. 4. 9 오후 4:00:00,171.95,200.61,171.89,198.85,184395885
2025. 4. 10 오후 4:00:00,189.07,194.78,183,190.42,121879981
2025. 4. 11 오후 4:00:00,186.1,199.54,186.06,198.15,87435915
2025. 4. 14 오후 4:00:00,211.44,212.94,201.16,202.52,101352911
2025. 4. 15 오후 4:00:00,201.86,203.51,199.8,202.14,51343872
2025. 4. 16 오후 4:00:00,198.36,200.7,192.37,194.27,59732423
2025. 4. 17 오후 4:00:00,197.2,198.83,194.42,196.98,52164675
2025. 4. 21 오후 4:00:00,193.27,193.8,189.81,193.16,46742537
2025. 4. 22 오후 4:00:00,196.12,201.59,195.97,199.74,52976371
2025. 4. 23 오후 4:00:00,206,208,202.8,204.6,52929165
2025. 4. 24 오후 4:00:00,204.89,208.83,202.94,208.37,47310989
2025. 4. 25 오후 4:00:00,206.37,209.75,206.2,209.28,38222258
2025. 4. 28 오후 4:00:00,210,211.5,207.46,210.14,38743074
2025. 4. 29 오후 4:00:00,208.69,212.24,208.37,211.21,36827633
2025. 4. 30 오후 4:00:00,209.3,213.58,206.67,212.5,52286454
2025. 5. 1 오후 4:00:00,209.08,214.56,208.9,213.32,57365675
2025. 5. 2 오후 4:00:00,206.09,206.99,202.16,205.35,101010621
2025. 5. 5 오후 4:00:00,203.1,204.1,198.21,198.89,69018452
2025. 5. 6 오후 4:00:00,198.21,200.65,197.02,198.51,51216482
2025. 5. 7 오후 4:00:00,199.17,199.44,193.25,196.25,68616943
2025. 5. 8 오후 4:00:00,197.72,200.05,194.68,197.49,50478872
2025. 5. 9 오후 4:00:00,199,200.54,197.54,198.53,36453923
2025. 5. 12 오후 4:00:00,210.97,211.27,206.75,210.79,63775814
2025. 5. 13 오후 4:00:00,210.43,213.4,209,212.93,51909332
2025. 5. 14 오후 4:00:00,212.43,213.94,210.58,212.33,49325825
2025. 5. 15 오후 4:00:00,210.95,212.96,209.54,211.45,45029473
2025. 5. 16 오후 4:00:00,212.36,212.57,209.77,211.26,54737850
2025. 5. 19 오후 4:00:00,207.91,209.48,204.26,208.78,46140527
2025. 5. 20 오후 4:00:00,207.67,208.47,205.03,206.86,42496635
2025. 5. 21 오후 4:00:00,205.17,207.04,200.71,202.09,59211774
2025. 5. 22 오후 4:00:00,205.17,207.04,200.71,202.09,1536434
2025. 5. 23 오후 4:00:00,193.67,197.7,193.46,195.27,78432918
2025. 5. 27 오후 4:00:00,198.3,200.74,197.43,200.21,56288475
2025. 5. 28 오후 4:00:00,200.59,202.73,199.9,200.42,45339678
2025. 5. 29 오후 4:00:00,203.58,203.81,198.51,199.95,51477938
2025. 5. 30 오후 4:00:00,199.37,201.96,196.78,200.85,70819942
2025. 6. 2 오후 4:00:00,200.28,202.13,200.12,201.7,35423294
2025. 6. 3 오후 4:00:00,201.35,203.77,200.96,203.27,46381567
2025. 6. 4 오후 4:00:00,202.91,206.24,202.1,202.82,43603985
2025. 6. 5 오후 4:00:00,203.5,204.75,200.15,200.63,55221235
2025. 6. 6 오후 4:00:00,203,205.7,202.05,203.92,46607693
2025. 6. 9 오후 4:00:00,204.39,206,200.02,201.45,72862557
2025. 6. 10 오후 4:00:00,200.6,204.35,200.57,202.67,54672608
2025. 6. 11 오후 4:00:00,203.5,204.5,198.41,198.78,60989857
2025. 6. 12 오후 4:00:00,199.08,199.68,197.36,199.2,43904635
2025. 6. 13 오후 4:00:00,199.73,200.37,195.7,196.45,51447349
2025. 6. 16 오후 4:00:00,197.3,198.69,196.56,198.42,43020691
2025. 6. 17 오후 4:00:00,197.2,198.39,195.21,195.64,38856152
2025. 6. 18 오후 4:00:00,195.94,197.57,195.07,196.58,45394689
2025. 6. 20 오후 4:00:00,198.24,201.7,196.86,201,96813542
2025. 6. 23 오후 4:00:00,201.63,202.3,198.96,201.5,55814272
2025. 6. 24 오후 4:00:00,202.59,203.44,200.2,200.3,54064033
2025. 6. 25 오후 4:00:00,201.45,203.67,200.62,201.56,39525730
2025. 6. 26 오후 4:00:00,201.43,202.64,199.46,201,50799121
2025. 6. 27 오후 4:00:00,201.89,203.22,200,201.08,73188571
2025. 6. 30 오후 4:00:00,202.01,207.39,199.26,205.17,91912816
2025. 7. 1 오후 4:00:00,206.67,210.19,206.14,207.82,78788867
2025. 7. 2 오후 4:00:00,208.91,213.34,208.14,212.44,67941811
2025. 7. 3 오후 1:05:00,212.15,214.65,211.81,213.55,34955836
2025. 7. 7 오후 4:00:00,212.68,216.23,208.8,209.95,50228984
2025. 7. 8 오후 4:00:00,210.1,211.43,208.45,210.01,42848928
2025. 7. 9 오후 4:00:00,209.53,211.33,207.22,211.14,48749367
2025. 7. 10 오후 4:00:00,210.51,213.48,210.03,212.41,44443635
2025. 7. 11 오후 4:00:00,210.57,212.13,209.86,211.16,39765812
2025. 7. 14 오후 4:00:00,209.93,210.91,207.54,208.62,38840111
2025. 7. 15 오후 4:00:00,209.22,211.89,208.92,209.11,42296339
2025. 7. 16 오후 4:00:00,210.3,212.4,208.64,210.16,47490532
2025. 7. 17 오후 4:00:00,210.57,211.8,209.59,210.02,48068141
2025. 7. 18 오후 4:00:00,210.87,211.79,209.7,211.18,48974591
2025. 7. 21 오후 4:00:00,212.1,215.78,211.63,212.48,51377434
2025. 7. 22 오후 4:00:00,213.14,214.95,212.23,214.4,46404072
2025. 7. 23 오후 4:00:00,215,215.15,212.41,214.15,46989301
2025. 7. 24 오후 4:00:00,213.9,215.69,213.53,213.76,46022620
2025. 7. 25 오후 4:00:00,214.7,215.24,213.4,213.88,40268781
2025. 7. 28 오후 4:00:00,214.03,214.85,213.06,214.05,37858017
2025. 7. 29 오후 4:00:00,214.18,214.81,210.82,211.27,51411723
2025. 7. 30 오후 4:00:00,211.9,212.39,207.72,209.05,45512514
2025. 7. 31 오후 4:00:00,208.49,209.84,207.16,207.57,80698431
2025. 8. 1 오후 4:00:00,210.87,213.58,201.5,202.38,104434473
2025. 8. 4 오후 4:00:00,204.51,207.88,201.68,203.35,75109298
2025. 8. 5 오후 4:00:00,203.4,205.34,202.16,202.92,44155079
2025. 8. 6 오후 4:00:00,205.63,215.38,205.59,213.25,108483103
2025. 8. 7 오후 4:00:00,218.88,220.85,216.58,220.03,90224834
2025. 8. 8 오후 4:00:00,220.83,231,219.25,229.35,113853967
2025. 8. 11 오후 4:00:00,227.92,229.56,224.76,227.18,61806132
2025. 8. 12 오후 4:00:00,228.01,230.8,227.07,229.65,55672301
2025. 8. 13 오후 4:00:00,231.07,235,230.43,233.33,69878546
2025. 8. 14 오후 4:00:00,234.06,235.12,230.85,232.78,51916275
2025. 8. 15 오후 4:00:00,234,234.28,229.34,231.59,56038657
2025. 8. 18 오후 4:00:00,231.7,233.12,230.11,230.89,37476188
2025. 8. 19 오후 4:00:00,231.28,232.87,229.35,230.56,39402564
2025. 8. 20 오후 4:00:00,229.98,230.47,225.77,226.01,42263865
2025. 8. 21 오후 4:00:00,226.27,226.52,223.78,224.9,30621249
2025. 8. 22 오후 4:00:00,226.17,229.09,225.41,227.76,42477811
2025. 8. 28 오후 4:00:00,230.82,233.41,229.34,232.56,38074700
2025. 8. 29 오후 4:00:00,232.51,233.38,231.37,232.14,39418437
2025. 9. 2 오후 4:00:00,229.25,230.85,226.97,229.72,44075638
2025. 9. 3 오후 4:00:00,237.21,238.85,234.36,238.47,66427835
2025. 9. 4 오후 4:00:00,238.45,239.9,236.74,239.78,47549429
2025. 9. 5 오후 4:00:00,240,241.32,238.49,239.69,54870397
2025. 9. 8 오후 4:00:00,239.3,240.15,236.34,237.88,48999495
2025. 9. 9 오후 4:00:00,237,238.78,233.36,234.35,66313918
2025. 9. 10 오후 4:00:00,232.19,232.42,225.95,226.79,83440810
2025. 9. 11 오후 4:00:00,226.88,230.45,226.65,230.03,50208578
2025. 9. 12 오후 4:00:00,229.22,234.51,229.02,234.07,55824216
2025. 9. 15 오후 4:00:00,237,238.19,235.03,236.7,42699524
2025. 9. 16 오후 4:00:00,237.18,241.22,236.32,238.15,63421099
2025. 9. 17 오후 4:00:00,238.97,240.1,237.73,238.99,46508017
2025. 9. 18 오후 4:00:00,239.97,241.2,236.65,237.88,44249576
2025. 9. 19 오후 4:00:00,241.23,246.3,240.21,245.5,163741314
2025. 9. 22 오후 4:00:00,248.3,256.64,248.12,256.08,105517416
2025. 9. 23 오후 4:00:00,255.88,257.34,253.58,254.43,60275187
2025. 9. 24 오후 4:00:00,255.22,255.74,251.04,252.31,42303710
2025. 9. 25 오후 4:00:00,253.21,257.17,251.71,256.87,55202075
2025. 9. 26 오후 4:00:00,254.1,257.6,253.78,255.46,46076258
2025. 9. 29 오후 4:00:00,254.56,255,253.01,254.43,40127687
2025. 9. 30 오후 4:00:00,254.86,255.92,253.11,254.63,37704259
2025. 10. 1 오후 4:00:00,255.04,258.79,254.93,255.45,48713940
2025. 10. 2 오후 4:00:00,256.58,258.18,254.15,257.13,42630239
2025. 10. 3 오후 4:00:00,254.67,259.24,253.95,258.02,49155614
2025. 10. 6 오후 4:00:00,257.99,259.07,255.05,256.69,44664118
2025. 10. 7 오후 4:00:00,256.81,257.4,255.43,256.48,31955776
2025. 10. 8 오후 4:00:00,256.52,258.52,256.11,258.06,36496895
2025. 10. 9 오후 4:00:00,257.81,258,253.14,254.04,38322012
2025. 10. 10 오후 4:00:00,254.94,256.38,244,245.27,61999098
2025. 10. 13 오후 4:00:00,249.38,249.69,245.56,247.66,38142942
2025. 10. 14 오후 4:00:00,246.6,248.85,244.7,247.77,35477986
2025. 10. 15 오후 4:00:00,249.49,251.82,247.47,249.34,33893611
2025. 10. 16 오후 4:00:00,248.25,249.04,245.13,247.45,39776974
2025. 10. 17 오후 4:00:00,248.02,253.38,247.27,252.29,49146961
2025. 10. 20 오후 4:00:00,255.89,264.38,255.63,262.24,90483029
2025. 10. 21 오후 4:00:00,261.88,265.29,261.83,262.77,46695948
2025. 10. 22 오후 4:00:00,262.65,262.85,255.43,258.45,45015254
2025. 10. 23 오후 4:00:00,259.94,260.62,258.01,259.58,32754941
2025. 10. 24 오후 4:00:00,261.19,264.13,259.18,262.82,38253717
2025. 10. 27 오후 4:00:00,264.88,269.12,264.65,268.81,44888152
2025. 10. 28 오후 4:00:00,268.99,269.89,268.15,269,41534759
2025. 10. 29 오후 4:00:00,269.27,271.41,267.11,269.7,51086742
2025. 10. 30 오후 4:00:00,271.99,274.14,268.48,271.4,69886534
2025. 10. 31 오후 4:00:00,276.99,277.32,269.16,270.37,86167123
2025. 11. 3 오후 4:00:00,270.42,270.85,266.25,269.05,50194583
2025. 11. 4 오후 4:00:00,268.33,271.49,267.62,270.04,49274846
2025. 11. 5 오후 4:00:00,268.61,271.7,266.93,270.14,43683072
2025. 11. 6 오후 4:00:00,267.89,273.4,267.89,269.77,51204045
2025. 11. 7 오후 4:00:00,269.8,272.29,266.77,268.47,48227365
2025. 11. 10 오후 4:00:00,268.96,273.73,267.46,269.43,41312412
2025. 11. 11 오후 4:00:00,269.81,275.91,269.8,275.25,46208318
2025. 11. 12 오후 4:00:00,275,275.73,271.7,273.47,48397982
2025. 11. 13 오후 4:00:00,274.11,276.7,272.09,272.95,49602794
2025. 11. 14 오후 4:00:00,271.05,275.96,269.6,272.41,47431331
2025. 11. 17 오후 4:00:00,268.82,270.49,265.73,267.46,45018260
2025. 11. 18 오후 4:00:00,269.99,270.71,265.32,267.44,45677278
2025. 11. 19 오후 4:00:00,265.52,272.21,265.5,268.56,40424492
2025. 11. 20 오후 4:00:00,270.83,275.43,265.92,266.25,45823568
2025. 11. 21 오후 4:00:00,265.95,273.33,265.67,271.49,59030832
2025. 11. 24 오후 4:00:00,270.9,277,270.9,275.92,65585796
2025. 11. 25 오후 4:00:00,275.27,280.38,275.25,276.97,46914220
2025. 11. 26 오후 4:00:00,276.96,279.53,276.63,277.55,33431423
2025. 11. 28 오후 1:05:00,277.26,279,275.99,278.85,20135620
2025. 12. 1 오후 4:00:00,278.01,283.42,276.14,283.1,46587722
2025. 12. 2 오후 4:00:00,283,287.4,282.63,286.19,53669532
2025. 12. 3 오후 4:00:00,286.2,288.62,283.3,284.15,43538687
2025. 12. 4 오후 4:00:00,284.1,284.73,278.59,280.7,43989056
2025. 12. 5 오후 4:00:00,280.54,281.14,278.05,278.78,47265845
2025. 12. 8 오후 4:00:00,278.13,279.67,276.15,277.89,38211832
2025. 12. 9 오후 4:00:00,278.16,280.03,276.92,277.18,32193256
2025. 12. 10 오후 4:00:00,277.75,279.75,276.44,278.78,33038318
2025. 12. 11 오후 4:00:00,279.1,279.59,273.81,278.03,33247986
2025. 12. 12 오후 4:00:00,277.9,279.22,276.82,278.28,39532887
2025. 12. 15 오후 4:00:00,280.15,280.15,272.84,274.11,50409078
2025. 12. 16 오후 4:00:00,272.82,275.5,271.79,274.61,37648628
2025. 12. 17 오후 4:00:00,275.01,276.16,271.64,271.84,50138743
2025. 12. 18 오후 4:00:00,273.61,273.63,266.95,272.19,51630721
2025. 12. 19 오후 4:00:00,272.15,274.6,269.9,273.67,144632048
2025. 12. 22 오후 4:00:00,272.86,273.88,270.51,270.97,36571827
2025. 12. 23 오후 4:00:00,270.84,272.5,269.56,272.36,29641999
2025. 12. 24 오후 1:05:00,272.34,275.43,272.2,273.81,17910574
2025. 12. 26 오후 4:00:00,274.16,275.37,272.86,273.4,21521802
2025. 12. 29 오후 4:00:00,272.69,274.36,272.35,273.76,23715213
2025. 12. 30 오후 4:00:00,272.81,274.08,272.28,273.08,22139617
2025. 12. 31 오후 4:00:00,273.06,273.68,271.75,271.86,27293639
2026. 1. 2 오후 4:00:00,272.26,277.84,269,271.01,37838054
2026. 1. 5 오후 4:00:00,270.64,271.51,266.14,267.26,45647190
2026. 1. 6 오후 4:00:00,267,267.55,262.12,262.36,52352090
2026. 1. 7 오후 4:00:00,263.2,263.68,259.81,260.33,48309804
2026. 1. 8 오후 4:00:00,257.02,259.29,255.7,259.04,50419337
2026. 1. 9 오후 4:00:00,259.08,260.21,256.22,259.37,39996967
2026. 1. 12 오후 4:00:00,259.16,261.3,256.8,260.25,45263767
2026. 1. 13 오후 4:00:00,258.72,261.81,258.39,261.05,45730847
2026. 1. 14 오후 4:00:00,259.49,261.82,256.71,259.96,40019421
2026. 1. 15 오후 4:00:00,260.65,261.04,257.05,258.21,39388564
2026. 1. 16 오후 4:00:00,257.9,258.9,254.93,255.53,72142773